Sale_ID,Event_ID,Sale_Date,Quantity,Price_Per_Ticket,Revenue
1,1001,2024-08-18,3,15.0,45.0
2,1001,2024-08-04,4,20.0,80.0
3,1001,2024-08-10,1,10.0,10.0
4,1001,2024-08-12,2,20.0,40.0
5,1001,2024-08-12,1,10.0,10.0
6,1001,2024-08-01,4,15.0,60.0
7,1001,2024-08-10,4,20.0,80.0
8,1001,2024-08-04,1,18.0,18.0
9,1001,2024-08-02,2,15.0,30.0
10,1001,2024-08-19,4,10.0,40.0
11,1001,2024-08-04,2,15.0,30.0
12,1001,2024-08-07,1,15.0,15.0
13,1001,2024-08-01,3,10.0,30.0
14,1001,2024-08-11,3,18.0,54.0
15,1001,2024-08-10,4,15.0,60.0
16,1001,2024-08-03,2,12.0,24.0
17,1001,2024-08-07,4,12.0,48.0
18,1001,2024-08-01,3,18.0,54.0
19,1001,2024-08-03,1,15.0,15.0
20,1001,2024-08-11,2,18.0,36.0
21,1001,2024-08-02,3,18.0,54.0
22,1001,2024-08-06,4,12.0,48.0
23,1001,2024-08-04,4,12.0,48.0
24,1001,2024-08-18,3,20.0,60.0
25,1001,2024-08-01,3,10.0,30.0
26,1001,2024-08-13,3,12.0,36.0
27,1001,2024-08-14,2,10.0,20.0
28,1002,2024-07-31,4,20.0,80.0
29,1002,2024-08-05,4,18.0,72.0
30,1002,2024-07-20,2,18.0,36.0
31,1002,2024-07-23,4,12.0,48.0
32,1002,2024-08-03,1,10.0,10.0
33,1002,2024-07-25,2,12.0,24.0
34,1002,2024-07-22,4,10.0,40.0
35,1002,2024-07-21,2,10.0,20.0
36,1002,2024-07-24,2,18.0,36.0
37,1002,2024-07-22,3,18.0,54.0
38,1002,2024-07-19,4,20.0,80.0
39,1002,2024-07-24,2,18.0,36.0
40,1003,2024-08-13,2,15.0,30.0
41,1003,2024-08-05,4,12.0,48.0
42,1003,2024-08-13,4,10.0,40.0
43,1003,2024-08-12,2,15.0,30.0
44,1003,2024-08-11,3,20.0,60.0
45,1003,2024-08-19,2,12.0,24.0
46,1003,2024-08-14,4,12.0,48.0
47,1003,2024-08-15,1,18.0,18.0
48,1003,2024-08-08,3,20.0,60.0
49,1003,2024-08-07,4,10.0,40.0
50,1003,2024-08-15,4,18.0,72.0
51,1003,2024-08-03,1,20.0,20.0
52,1003,2024-08-09,4,10.0,40.0
53,1003,2024-08-10,3,18.0,54.0
54,1003,2024-08-08,2,18.0,36.0
55,1003,2024-08-14,3,18.0,54.0
56,1003,2024-08-06,1,18.0,18.0
57,1003,2024-08-11,4,12.0,48.0
58,1003,2024-08-07,2,20.0,40.0
59,1003,2024-08-04,1,18.0,18.0
60,1003,2024-08-03,1,10.0,10.0
61,1003,2024-08-08,2,18.0,36.0
62,1003,2024-08-16,1,15.0,15.0
63,1003,2024-08-09,3,12.0,36.0
64,1003,2024-08-07,3,15.0,45.0
65,1003,2024-08-09,3,18.0,54.0
66,1003,2024-08-13,1,18.0,18.0
67,1003,2024-08-21,1,15.0,15.0
68,1003,2024-08-14,1,10.0,10.0
69,1003,2024-08-21,2,12.0,24.0
70,1003,2024-08-21,2,12.0,24.0
71,1003,2024-08-17,4,10.0,40.0
72,1003,2024-08-03,2,18.0,36.0
73,1003,2024-08-13,3,12.0,36.0
74,1003,2024-08-02,1,12.0,12.0
75,1003,2024-08-12,1,20.0,20.0
76,1003,2024-08-21,3,20.0,60.0
77,1003,2024-08-09,4,12.0,48.0
78,1004,2024-07-14,2,10.0,20.0
79,1004,2024-07-23,1,20.0,20.0
80,1004,2024-07-31,3,20.0,60.0
81,1004,2024-07-19,3,10.0,30.0
82,1004,2024-07-16,3,10.0,30.0
83,1004,2024-07-19,4,10.0,40.0
84,1004,2024-07-19,3,18.0,54.0
85,1004,2024-07-28,4,12.0,48.0
86,1004,2024-07-16,3,20.0,60.0
87,1004,2024-07-15,4,18.0,72.0
88,1004,2024-07-19,3,15.0,45.0
89,1004,2024-07-25,1,15.0,15.0
90,1004,2024-07-18,2,18.0,36.0
91,1004,2024-07-14,4,15.0,60.0
92,1005,2024-08-01,3,12.0,36.0
93,1005,2024-08-01,2,15.0,30.0
94,1005,2024-08-08,3,15.0,45.0
95,1005,2024-07-28,3,20.0,60.0
96,1005,2024-08-16,2,10.0,20.0
97,1005,2024-08-09,4,18.0,72.0
98,1005,2024-07-30,2,18.0,36.0
99,1005,2024-08-01,4,10.0,40.0
100,1005,2024-08-14,3,12.0,36.0
101,1005,2024-08-04,2,15.0,30.0
102,1005,2024-07-29,3,18.0,54.0
103,1006,2024-08-06,3,18.0,54.0
104,1006,2024-08-05,3,15.0,45.0
105,1006,2024-08-08,3,15.0,45.0
106,1006,2024-08-14,2,10.0,20.0
107,1006,2024-08-16,3,10.0,30.0
108,1006,2024-08-05,2,12.0,24.0
109,1006,2024-08-16,4,15.0,60.0
110,1006,2024-08-04,3,10.0,30.0
111,1006,2024-08-16,3,12.0,36.0
112,1006,2024-08-11,2,15.0,30.0
113,1006,2024-08-22,2,15.0,30.0
114,1006,2024-08-21,1,20.0,20.0
115,1006,2024-08-13,2,18.0,36.0
116,1006,2024-08-19,1,20.0,20.0
117,1006,2024-08-13,4,18.0,72.0
118,1006,2024-08-08,3,12.0,36.0
119,1006,2024-08-21,3,18.0,54.0
120,1006,2024-08-19,1,18.0,18.0
121,1006,2024-08-07,1,20.0,20.0
122,1006,2024-08-21,2,12.0,24.0
123,1006,2024-08-04,3,10.0,30.0
124,1006,2024-08-15,1,20.0,20.0
125,1006,2024-08-09,2,20.0,40.0
126,1006,2024-08-10,4,18.0,72.0
127,1006,2024-08-13,4,15.0,60.0
128,1006,2024-08-04,1,20.0,20.0
129,1006,2024-08-19,2,12.0,24.0
130,1006,2024-08-14,1,12.0,12.0
131,1006,2024-08-15,2,20.0,40.0
132,1006,2024-08-20,2,10.0,20.0
133,1006,2024-08-09,4,20.0,80.0
134,1006,2024-08-07,3,10.0,30.0
135,1006,2024-08-15,3,15.0,45.0
136,1006,2024-08-08,1,12.0,12.0
137,1006,2024-08-14,2,18.0,36.0
138,1006,2024-08-19,2,12.0,24.0
139,1006,2024-08-14,2,10.0,20.0
140,1006,2024-08-21,2,15.0,30.0
141,1006,2024-08-03,3,18.0,54.0
142,1006,2024-08-19,4,15.0,60.0
143,1006,2024-08-10,3,20.0,60.0
144,1006,2024-08-05,4,18.0,72.0
145,1006,2024-08-20,1,18.0,18.0
146,1006,2024-08-12,3,10.0,30.0
147,1006,2024-08-20,2,20.0,40.0
148,1007,2024-08-18,3,20.0,60.0
149,1007,2024-08-17,2,18.0,36.0
150,1007,2024-08-02,4,15.0,60.0
151,1007,2024-08-13,4,18.0,72.0
152,1007,2024-08-16,4,15.0,60.0
153,1007,2024-08-05,3,15.0,45.0
154,1007,2024-08-15,2,15.0,30.0
155,1007,2024-08-05,4,15.0,60.0
156,1007,2024-08-06,1,18.0,18.0
157,1007,2024-08-16,3,15.0,45.0
158,1007,2024-08-08,1,18.0,18.0
159,1007,2024-08-02,1,20.0,20.0
160,1007,2024-08-04,4,10.0,40.0
161,1007,2024-08-12,3,20.0,60.0
162,1007,2024-08-03,4,10.0,40.0
163,1007,2024-08-12,3,20.0,60.0
164,1007,2024-08-14,3,18.0,54.0
165,1007,2024-08-03,1,10.0,10.0
166,1007,2024-07-30,2,12.0,24.0
167,1007,2024-08-09,1,20.0,20.0
168,1007,2024-08-05,1,12.0,12.0
169,1007,2024-08-15,4,10.0,40.0
170,1007,2024-08-14,4,15.0,60.0
171,1007,2024-08-02,3,18.0,54.0
172,1007,2024-08-03,4,12.0,48.0
173,1007,2024-08-04,2,18.0,36.0
174,1007,2024-08-12,2,10.0,20.0
175,1007,2024-08-10,4,15.0,60.0
176,1007,2024-08-02,3,10.0,30.0
177,1007,2024-08-09,3,20.0,60.0
178,1007,2024-07-31,4,12.0,48.0
179,1007,2024-08-04,4,15.0,60.0
180,1007,2024-08-08,4,18.0,72.0
181,1007,2024-08-08,2,12.0,24.0
182,1007,2024-07-31,4,12.0,48.0
183,1007,2024-08-05,1,15.0,15.0
184,1007,2024-08-03,4,18.0,72.0
185,1007,2024-08-14,4,10.0,40.0
186,1007,2024-08-14,3,10.0,30.0
187,1007,2024-08-04,1,20.0,20.0
188,1007,2024-08-04,1,12.0,12.0
189,1007,2024-08-05,2,10.0,20.0
190,1007,2024-08-03,3,15.0,45.0
191,1007,2024-07-30,4,10.0,40.0
192,1007,2024-08-08,4,15.0,60.0
193,1007,2024-08-03,1,20.0,20.0
194,1007,2024-08-16,2,15.0,30.0
195,1008,2024-08-11,4,10.0,40.0
196,1008,2024-08-10,4,12.0,48.0
197,1008,2024-08-04,1,10.0,10.0
198,1008,2024-08-03,1,15.0,15.0
199,1008,2024-08-02,3,18.0,54.0
200,1008,2024-08-09,2,20.0,40.0
201,1008,2024-07-31,2,12.0,24.0
202,1008,2024-08-08,1,20.0,20.0
203,1008,2024-08-01,2,18.0,36.0
204,1008,2024-07-26,2,12.0,24.0
205,1008,2024-07-30,3,18.0,54.0
206,1008,2024-08-05,1,18.0,18.0
207,1008,2024-08-04,2,10.0,20.0
208,1008,2024-07-30,3,20.0,60.0
209,1008,2024-08-04,4,15.0,60.0
210,1008,2024-07-30,3,12.0,36.0
211,1008,2024-08-01,4,10.0,40.0
212,1008,2024-08-06,4,20.0,80.0
213,1008,2024-08-02,3,15.0,45.0
214,1008,2024-08-13,4,15.0,60.0
215,1008,2024-08-13,1,20.0,20.0
216,1008,2024-07-29,3,12.0,36.0
217,1008,2024-07-25,3,12.0,36.0
218,1008,2024-08-07,3,12.0,36.0
219,1009,2024-08-27,1,15.0,15.0
220,1009,2024-08-16,1,20.0,20.0
221,1009,2024-08-19,2,10.0,20.0
222,1009,2024-08-21,3,18.0,54.0
223,1009,2024-08-25,2,12.0,24.0
224,1009,2024-08-13,3,20.0,60.0
225,1009,2024-08-14,3,12.0,36.0
226,1009,2024-08-22,4,15.0,60.0
227,1009,2024-08-20,1,18.0,18.0
228,1009,2024-08-28,2,12.0,24.0
229,1009,2024-08-18,3,10.0,30.0
230,1009,2024-08-18,1,15.0,15.0
231,1009,2024-08-13,1,18.0,18.0
232,1009,2024-08-19,3,20.0,60.0
233,1009,2024-08-18,3,10.0,30.0
234,1009,2024-08-23,4,10.0,40.0
235,1009,2024-08-11,3,20.0,60.0
236,1009,2024-08-23,1,18.0,18.0
237,1009,2024-08-21,4,10.0,40.0
238,1009,2024-08-26,1,10.0,10.0
239,1009,2024-08-21,4,10.0,40.0
240,1009,2024-08-27,2,20.0,40.0
241,1009,2024-08-26,4,18.0,72.0
242,1009,2024-08-19,4,20.0,80.0
243,1009,2024-08-26,4,10.0,40.0
244,1009,2024-08-15,4,15.0,60.0
245,1009,2024-08-29,3,12.0,36.0
246,1009,2024-08-16,4,12.0,48.0
247,1009,2024-08-19,1,15.0,15.0
248,1009,2024-08-13,3,10.0,30.0
249,1009,2024-08-18,3,12.0,36.0
250,1009,2024-08-27,4,10.0,40.0
251,1009,2024-08-24,1,10.0,10.0
252,1009,2024-08-20,2,12.0,24.0
253,1009,2024-08-12,2,10.0,20.0
254,1009,2024-08-13,2,20.0,40.0
255,1009,2024-08-24,2,15.0,30.0
256,1009,2024-08-26,1,15.0,15.0
257,1009,2024-08-26,2,20.0,40.0
258,1009,2024-08-22,2,10.0,20.0
259,1009,2024-08-30,2,10.0,20.0
260,1009,2024-08-19,2,20.0,40.0
261,1009,2024-08-20,1,12.0,12.0
262,1009,2024-08-22,1,12.0,12.0
263,1009,2024-08-17,1,10.0,10.0
264,1009,2024-08-15,4,15.0,60.0
265,1009,2024-08-14,1,18.0,18.0
266,1009,2024-08-14,2,20.0,40.0
267,1009,2024-08-29,3,18.0,54.0
268,1009,2024-08-30,1,18.0,18.0
269,1010,2024-07-21,1,18.0,18.0
270,1010,2024-07-20,1,10.0,10.0
271,1010,2024-07-24,2,10.0,20.0
272,1010,2024-07-30,3,20.0,60.0
273,1010,2024-07-16,3,18.0,54.0
274,1010,2024-07-15,3,18.0,54.0
275,1010,2024-07-18,4,10.0,40.0
276,1010,2024-07-31,2,18.0,36.0
277,1010,2024-07-20,2,18.0,36.0
278,1010,2024-07-24,4,18.0,72.0
279,1010,2024-07-21,1,15.0,15.0
280,1010,2024-07-21,3,15.0,45.0
281,1010,2024-07-23,2,18.0,36.0
282,1010,2024-08-01,1,10.0,10.0
283,1010,2024-08-01,4,10.0,40.0
284,1010,2024-07-23,2,20.0,40.0
285,1010,2024-08-02,3,10.0,30.0
286,1010,2024-07-21,3,18.0,54.0
287,1010,2024-08-02,3,20.0,60.0
288,1010,2024-07-25,3,10.0,30.0
289,1010,2024-07-16,2,12.0,24.0
290,1010,2024-07-19,2,10.0,20.0
291,1010,2024-07-23,3,10.0,30.0
292,1010,2024-07-26,2,18.0,36.0
293,1010,2024-07-17,1,20.0,20.0
294,1010,2024-07-26,1,12.0,12.0
295,1010,2024-07-26,3,15.0,45.0
296,1010,2024-07-23,1,12.0,12.0
297,1010,2024-07-30,4,10.0,40.0
298,1010,2024-07-30,1,10.0,10.0
299,1010,2024-07-18,2,18.0,36.0
300,1010,2024-07-21,4,15.0,60.0
301,1010,2024-07-29,3,15.0,45.0
302,1010,2024-07-24,1,10.0,10.0
303,1010,2024-07-30,2,20.0,40.0
304,1011,2024-08-23,3,18.0,54.0
305,1011,2024-08-12,4,20.0,80.0
306,1011,2024-08-11,4,15.0,60.0
307,1011,2024-08-19,1,15.0,15.0
308,1011,2024-08-12,1,15.0,15.0
309,1011,2024-08-07,4,20.0,80.0
310,1011,2024-08-16,1,12.0,12.0
311,1011,2024-08-13,1,10.0,10.0
312,1011,2024-08-19,3,12.0,36.0
313,1011,2024-08-21,3,15.0,45.0
314,1011,2024-08-15,1,10.0,10.0
315,1011,2024-08-10,4,12.0,48.0
316,1011,2024-08-21,4,20.0,80.0
317,1012,2024-08-13,3,10.0,30.0
318,1012,2024-08-17,1,18.0,18.0
319,1012,2024-08-29,4,10.0,40.0
320,1012,2024-08-19,4,20.0,80.0
321,1012,2024-08-17,4,15.0,60.0
322,1012,2024-08-26,4,10.0,40.0
323,1012,2024-08-19,2,20.0,40.0
324,1012,2024-08-15,3,10.0,30.0
325,1012,2024-08-16,1,12.0,12.0
326,1012,2024-08-16,4,20.0,80.0
327,1012,2024-08-27,4,15.0,60.0
328,1012,2024-08-19,2,15.0,30.0
329,1012,2024-08-24,1,20.0,20.0
330,1012,2024-08-26,2,15.0,30.0
331,1012,2024-08-18,2,12.0,24.0
332,1012,2024-08-26,2,15.0,30.0
333,1012,2024-08-23,2,20.0,40.0
334,1012,2024-08-25,1,12.0,12.0
335,1012,2024-08-14,4,20.0,80.0
336,1012,2024-08-11,4,20.0,80.0
337,1012,2024-08-10,3,15.0,45.0
338,1012,2024-08-25,4,10.0,40.0
339,1012,2024-08-14,4,15.0,60.0
340,1012,2024-08-21,1,15.0,15.0
341,1013,2024-08-24,3,18.0,54.0
342,1013,2024-08-12,1,10.0,10.0
343,1013,2024-08-15,3,10.0,30.0
344,1013,2024-08-24,4,18.0,72.0
345,1013,2024-08-08,1,18.0,18.0
346,1013,2024-08-08,2,15.0,30.0
347,1013,2024-08-07,4,20.0,80.0
348,1013,2024-08-22,1,18.0,18.0
349,1013,2024-08-23,3,10.0,30.0
350,1013,2024-08-10,2,10.0,20.0
351,1013,2024-08-19,4,18.0,72.0
352,1013,2024-08-10,2,15.0,30.0
353,1013,2024-08-15,3,18.0,54.0
354,1013,2024-08-13,3,20.0,60.0
355,1013,2024-08-25,3,10.0,30.0
356,1013,2024-08-16,1,20.0,20.0
357,1013,2024-08-14,3,15.0,45.0
358,1013,2024-08-07,2,15.0,30.0
359,1013,2024-08-24,2,15.0,30.0
360,1013,2024-08-17,4,12.0,48.0
361,1013,2024-08-07,1,15.0,15.0
362,1013,2024-08-09,4,15.0,60.0
363,1013,2024-08-22,1,18.0,18.0
364,1013,2024-08-10,3,10.0,30.0
365,1013,2024-08-15,3,12.0,36.0
366,1013,2024-08-20,3,18.0,54.0
367,1013,2024-08-20,2,12.0,24.0
368,1013,2024-08-22,1,15.0,15.0
369,1013,2024-08-23,1,15.0,15.0
370,1013,2024-08-07,2,20.0,40.0
371,1013,2024-08-14,2,12.0,24.0
372,1013,2024-08-21,2,18.0,36.0
373,1013,2024-08-25,4,15.0,60.0
374,1013,2024-08-19,4,20.0,80.0
375,1013,2024-08-17,4,12.0,48.0
376,1013,2024-08-09,2,15.0,30.0
377,1013,2024-08-11,2,15.0,30.0
378,1013,2024-08-08,4,18.0,72.0
379,1013,2024-08-17,4,20.0,80.0
380,1013,2024-08-10,4,12.0,48.0
381,1013,2024-08-20,2,15.0,30.0
382,1013,2024-08-25,4,15.0,60.0
383,1014,2024-08-19,1,15.0,15.0
384,1014,2024-08-20,2,15.0,30.0
385,1014,2024-08-08,2,18.0,36.0
386,1014,2024-08-20,2,18.0,36.0
387,1014,2024-08-11,1,18.0,18.0
388,1014,2024-08-21,4,20.0,80.0
389,1014,2024-08-11,2,18.0,36.0
390,1014,2024-08-20,3,12.0,36.0
391,1014,2024-08-22,3,10.0,30.0
392,1014,2024-08-12,2,12.0,24.0
393,1014,2024-08-21,3,18.0,54.0
394,1014,2024-08-18,4,18.0,72.0
395,1014,2024-08-03,1,10.0,10.0
396,1014,2024-08-22,3,12.0,36.0
397,1014,2024-08-18,4,10.0,40.0
398,1014,2024-08-13,2,15.0,30.0
399,1014,2024-08-19,1,12.0,12.0
400,1014,2024-08-09,4,10.0,40.0
401,1014,2024-08-19,4,20.0,80.0
402,1014,2024-08-05,1,20.0,20.0
403,1014,2024-08-04,2,12.0,24.0
404,1014,2024-08-13,4,10.0,40.0
405,1014,2024-08-03,3,12.0,36.0
406,1014,2024-08-04,4,12.0,48.0
407,1014,2024-08-20,3,10.0,30.0
408,1014,2024-08-06,1,18.0,18.0
409,1014,2024-08-07,1,18.0,18.0
410,1014,2024-08-11,3,10.0,30.0
411,1014,2024-08-11,1,15.0,15.0
412,1014,2024-08-15,1,20.0,20.0
413,1014,2024-08-12,2,10.0,20.0
414,1014,2024-08-11,3,12.0,36.0
415,1014,2024-08-08,4,12.0,48.0
416,1014,2024-08-18,1,18.0,18.0
417,1014,2024-08-21,3,12.0,36.0
418,1014,2024-08-21,2,10.0,20.0
419,1014,2024-08-12,3,20.0,60.0
420,1014,2024-08-10,4,15.0,60.0
421,1014,2024-08-21,2,15.0,30.0
422,1014,2024-08-11,1,15.0,15.0
423,1014,2024-08-14,1,15.0,15.0
424,1014,2024-08-09,4,18.0,72.0
425,1014,2024-08-10,3,12.0,36.0
426,1014,2024-08-07,4,15.0,60.0
427,1014,2024-08-06,3,10.0,30.0
428,1015,2024-08-22,4,20.0,80.0
429,1015,2024-08-19,3,15.0,45.0
430,1015,2024-08-21,1,15.0,15.0
431,1015,2024-08-15,3,18.0,54.0
432,1015,2024-08-05,4,12.0,48.0
433,1015,2024-08-10,3,18.0,54.0
434,1015,2024-08-23,3,20.0,60.0
435,1015,2024-08-11,3,10.0,30.0
436,1015,2024-08-22,4,15.0,60.0
437,1015,2024-08-08,2,10.0,20.0
438,1015,2024-08-20,4,10.0,40.0
439,1015,2024-08-20,1,12.0,12.0
440,1015,2024-08-13,3,18.0,54.0
441,1015,2024-08-06,1,20.0,20.0
442,1015,2024-08-20,4,15.0,60.0
443,1015,2024-08-13,4,10.0,40.0
444,1015,2024-08-06,2,20.0,40.0
445,1015,2024-08-13,4,15.0,60.0
446,1015,2024-08-16,2,10.0,20.0
447,1015,2024-08-24,2,18.0,36.0
448,1015,2024-08-08,4,20.0,80.0
449,1015,2024-08-21,3,15.0,45.0
450,1015,2024-08-10,2,20.0,40.0
451,1015,2024-08-15,4,12.0,48.0
452,1015,2024-08-21,2,10.0,20.0
453,1015,2024-08-10,2,18.0,36.0
454,1015,2024-08-22,3,15.0,45.0
455,1015,2024-08-22,3,15.0,45.0
456,1015,2024-08-19,2,15.0,30.0
457,1015,2024-08-08,2,10.0,20.0
458,1015,2024-08-18,2,12.0,24.0
459,1015,2024-08-09,1,15.0,15.0
460,1015,2024-08-07,3,18.0,54.0
461,1015,2024-08-07,2,20.0,40.0
462,1015,2024-08-22,1,15.0,15.0
463,1015,2024-08-12,4,20.0,80.0
464,1015,2024-08-11,4,20.0,80.0
465,1016,2024-08-08,3,10.0,30.0
466,1016,2024-07-29,4,20.0,80.0
467,1016,2024-08-01,2,20.0,40.0
468,1016,2024-07-25,2,12.0,24.0
469,1016,2024-07-30,1,10.0,10.0
470,1016,2024-07-27,2,15.0,30.0
471,1016,2024-08-07,2,15.0,30.0
472,1016,2024-08-05,3,20.0,60.0
473,1016,2024-08-03,1,15.0,15.0
474,1016,2024-08-06,3,12.0,36.0
475,1016,2024-08-03,1,20.0,20.0
476,1016,2024-08-07,2,12.0,24.0
477,1016,2024-07-24,3,20.0,60.0
478,1016,2024-08-11,1,10.0,10.0
479,1017,2024-07-18,3,12.0,36.0
480,1017,2024-07-18,4,20.0,80.0
481,1017,2024-08-05,4,20.0,80.0
482,1017,2024-07-27,3,18.0,54.0
483,1017,2024-07-29,4,15.0,60.0
484,1017,2024-07-22,1,10.0,10.0
485,1017,2024-07-31,4,18.0,72.0
486,1017,2024-07-21,4,12.0,48.0
487,1017,2024-07-26,2,15.0,30.0
488,1017,2024-07-26,3,18.0,54.0
489,1017,2024-08-01,3,20.0,60.0
490,1017,2024-07-19,1,15.0,15.0
491,1018,2024-07-25,1,15.0,15.0
492,1018,2024-07-25,2,12.0,24.0
493,1018,2024-08-05,1,15.0,15.0
494,1018,2024-07-27,4,12.0,48.0
495,1018,2024-08-03,3,20.0,60.0
496,1018,2024-07-29,2,12.0,24.0
497,1018,2024-07-24,4,18.0,72.0
498,1018,2024-07-30,4,10.0,40.0
499,1018,2024-08-06,4,20.0,80.0
500,1018,2024-07-25,2,12.0,24.0
501,1018,2024-07-21,3,10.0,30.0
502,1018,2024-08-07,3,18.0,54.0
503,1018,2024-07-20,4,15.0,60.0
504,1018,2024-07-22,1,10.0,10.0
505,1018,2024-07-26,2,15.0,30.0
506,1018,2024-07-28,4,15.0,60.0
507,1018,2024-08-07,4,10.0,40.0
508,1018,2024-07-21,2,15.0,30.0
509,1018,2024-07-22,3,10.0,30.0
510,1018,2024-07-27,4,20.0,80.0
511,1018,2024-07-31,1,12.0,12.0
512,1018,2024-08-05,4,15.0,60.0
513,1018,2024-07-29,3,12.0,36.0
514,1018,2024-08-02,4,20.0,80.0
515,1018,2024-08-07,1,10.0,10.0
516,1019,2024-08-07,4,20.0,80.0
517,1019,2024-08-03,2,20.0,40.0
518,1019,2024-08-01,2,15.0,30.0
519,1019,2024-07-29,3,12.0,36.0
520,1019,2024-08-05,3,20.0,60.0
521,1019,2024-08-07,4,20.0,80.0
522,1019,2024-08-08,4,10.0,40.0
523,1019,2024-08-06,3,10.0,30.0
524,1019,2024-08-04,3,10.0,30.0
525,1019,2024-07-29,4,15.0,60.0
526,1019,2024-07-30,2,10.0,20.0
527,1019,2024-07-30,4,12.0,48.0
528,1019,2024-08-01,4,12.0,48.0
529,1019,2024-08-10,1,20.0,20.0
530,1019,2024-08-14,2,10.0,20.0
531,1019,2024-08-03,3,18.0,54.0
532,1019,2024-08-13,4,12.0,48.0
533,1019,2024-08-04,4,10.0,40.0
534,1020,2024-07-23,2,20.0,40.0
535,1020,2024-07-29,4,20.0,80.0
536,1020,2024-07-27,3,12.0,36.0
537,1020,2024-07-25,3,20.0,60.0
538,1020,2024-07-28,3,20.0,60.0
539,1020,2024-07-24,2,12.0,24.0
540,1020,2024-07-31,3,12.0,36.0
541,1020,2024-07-30,3,12.0,36.0
542,1020,2024-07-24,3,18.0,54.0
543,1020,2024-07-28,3,15.0,45.0
544,1020,2024-08-05,4,18.0,72.0
545,1020,2024-07-28,2,15.0,30.0
546,1020,2024-08-07,3,10.0,30.0
547,1020,2024-07-28,4,15.0,60.0
548,1020,2024-07-24,2,12.0,24.0
549,1020,2024-07-22,3,20.0,60.0
550,1020,2024-07-31,2,10.0,20.0
551,1020,2024-07-20,2,12.0,24.0
552,1021,2024-08-10,2,12.0,24.0
553,1021,2024-08-25,1,18.0,18.0
554,1021,2024-08-16,4,10.0,40.0
555,1021,2024-08-22,1,20.0,20.0
556,1021,2024-08-21,4,18.0,72.0
557,1021,2024-08-11,2,15.0,30.0
558,1021,2024-08-16,3,10.0,30.0
559,1021,2024-08-24,2,20.0,40.0
560,1021,2024-08-25,2,18.0,36.0
561,1021,2024-08-21,1,18.0,18.0
562,1021,2024-08-11,2,15.0,30.0
563,1021,2024-08-25,1,15.0,15.0
564,1021,2024-08-08,1,15.0,15.0
565,1022,2024-07-29,4,12.0,48.0
566,1022,2024-07-27,4,15.0,60.0
567,1022,2024-08-06,1,15.0,15.0
568,1022,2024-08-07,4,15.0,60.0
569,1022,2024-08-07,1,15.0,15.0
570,1022,2024-08-03,2,12.0,24.0
571,1022,2024-07-24,4,18.0,72.0
572,1022,2024-07-27,3,10.0,30.0
573,1022,2024-07-31,1,12.0,12.0
574,1022,2024-08-08,4,15.0,60.0
575,1022,2024-08-05,1,15.0,15.0
576,1022,2024-07-31,2,18.0,36.0
577,1022,2024-08-04,3,15.0,45.0
578,1022,2024-07-25,1,15.0,15.0
579,1022,2024-08-01,2,10.0,20.0
580,1022,2024-08-09,4,15.0,60.0
581,1022,2024-08-07,4,20.0,80.0
582,1022,2024-08-03,1,15.0,15.0
583,1022,2024-08-01,2,12.0,24.0
584,1022,2024-08-08,4,12.0,48.0
585,1022,2024-07-29,3,18.0,54.0
586,1022,2024-07-26,4,20.0,80.0
587,1022,2024-08-06,2,20.0,40.0
588,1022,2024-08-10,4,20.0,80.0
589,1022,2024-08-01,1,20.0,20.0
590,1022,2024-08-09,1,20.0,20.0
591,1022,2024-07-27,2,20.0,40.0
592,1022,2024-07-26,2,12.0,24.0
593,1023,2024-08-12,4,10.0,40.0
594,1023,2024-08-22,4,10.0,40.0
595,1023,2024-08-12,4,10.0,40.0
596,1023,2024-08-14,2,20.0,40.0
597,1023,2024-08-15,4,20.0,80.0
598,1023,2024-08-27,4,15.0,60.0
599,1023,2024-08-28,4,15.0,60.0
600,1023,2024-08-28,2,20.0,40.0
601,1023,2024-08-26,1,18.0,18.0
602,1023,2024-08-17,1,20.0,20.0
603,1023,2024-08-27,1,18.0,18.0
604,1023,2024-08-27,3,18.0,54.0
605,1023,2024-08-23,2,18.0,36.0
606,1023,2024-08-17,4,18.0,72.0
607,1023,2024-08-16,4,10.0,40.0
608,1023,2024-08-11,2,15.0,30.0
609,1023,2024-08-25,2,20.0,40.0
610,1023,2024-08-16,2,12.0,24.0
611,1023,2024-08-28,1,15.0,15.0
612,1023,2024-08-14,4,20.0,80.0
613,1023,2024-08-16,2,12.0,24.0
614,1023,2024-08-14,3,12.0,36.0
615,1023,2024-08-20,2,10.0,20.0
616,1023,2024-08-27,4,20.0,80.0
617,1023,2024-08-28,2,12.0,24.0
618,1023,2024-08-26,1,20.0,20.0
619,1023,2024-08-27,4,20.0,80.0
620,1023,2024-08-27,2,10.0,20.0
621,1023,2024-08-16,4,12.0,48.0
622,1023,2024-08-11,2,10.0,20.0
623,1024,2024-07-27,3,12.0,36.0
624,1024,2024-07-25,3,20.0,60.0
625,1024,2024-07-24,3,12.0,36.0
626,1024,2024-08-03,2,20.0,40.0
627,1024,2024-08-05,4,15.0,60.0
628,1024,2024-08-04,1,20.0,20.0
629,1024,2024-07-25,2,18.0,36.0
630,1024,2024-07-26,4,10.0,40.0
631,1024,2024-08-01,4,20.0,80.0
632,1024,2024-08-02,4,18.0,72.0
633,1024,2024-08-08,3,18.0,54.0
634,1024,2024-08-07,4,12.0,48.0
635,1024,2024-08-05,3,12.0,36.0
636,1024,2024-07-29,1,20.0,20.0
637,1024,2024-07-30,4,20.0,80.0
638,1024,2024-07-27,2,18.0,36.0
639,1024,2024-08-05,3,12.0,36.0
640,1024,2024-08-02,1,18.0,18.0
641,1025,2024-08-05,2,10.0,20.0
642,1025,2024-07-30,4,20.0,80.0
643,1025,2024-07-19,1,10.0,10.0
644,1025,2024-08-01,2,18.0,36.0
645,1025,2024-08-01,3,15.0,45.0
646,1025,2024-08-07,2,12.0,24.0
647,1025,2024-08-04,4,12.0,48.0
648,1025,2024-07-19,2,18.0,36.0
649,1025,2024-07-31,3,15.0,45.0
650,1025,2024-07-26,4,20.0,80.0
651,1025,2024-07-27,3,15.0,45.0
652,1025,2024-07-27,4,18.0,72.0
653,1025,2024-08-04,4,15.0,60.0
654,1025,2024-08-01,3,15.0,45.0
655,1025,2024-07-25,1,20.0,20.0
656,1025,2024-07-31,2,10.0,20.0
657,1025,2024-07-30,4,15.0,60.0
658,1025,2024-08-03,2,15.0,30.0
659,1025,2024-07-31,4,20.0,80.0
660,1025,2024-07-31,4,20.0,80.0
661,1025,2024-07-28,3,18.0,54.0
662,1025,2024-07-23,4,12.0,48.0
663,1025,2024-07-27,2,12.0,24.0
664,1025,2024-07-21,4,12.0,48.0
665,1025,2024-07-21,1,20.0,20.0
666,1025,2024-08-06,1,10.0,10.0
667,1025,2024-08-07,4,12.0,48.0
668,1025,2024-07-31,1,12.0,12.0
669,1025,2024-08-07,2,20.0,40.0
670,1025,2024-07-24,3,10.0,30.0
671,1025,2024-07-19,4,18.0,72.0
672,1025,2024-08-07,1,20.0,20.0
673,1025,2024-07-21,4,10.0,40.0
674,1026,2024-08-02,3,20.0,60.0
675,1026,2024-08-09,1,20.0,20.0
676,1026,2024-08-05,2,10.0,20.0
677,1026,2024-08-15,2,12.0,24.0
678,1026,2024-08-12,3,15.0,45.0
679,1026,2024-08-10,4,10.0,40.0
680,1026,2024-08-07,4,18.0,72.0
681,1026,2024-07-31,2,12.0,24.0
682,1026,2024-08-09,1,10.0,10.0
683,1026,2024-08-16,4,18.0,72.0
684,1026,2024-08-06,4,10.0,40.0
685,1027,2024-08-07,2,10.0,20.0
686,1027,2024-07-23,4,15.0,60.0
687,1027,2024-07-20,1,20.0,20.0
688,1027,2024-08-06,2,12.0,24.0
689,1027,2024-07-20,4,15.0,60.0
690,1027,2024-08-06,1,15.0,15.0
691,1027,2024-07-21,1,12.0,12.0
692,1027,2024-07-28,1,12.0,12.0
693,1027,2024-07-20,2,18.0,36.0
694,1027,2024-08-05,3,12.0,36.0
695,1027,2024-07-20,2,20.0,40.0
696,1027,2024-07-26,3,18.0,54.0
697,1027,2024-08-03,1,20.0,20.0
698,1027,2024-07-27,1,10.0,10.0
699,1027,2024-07-25,2,10.0,20.0
700,1027,2024-07-28,4,15.0,60.0
701,1027,2024-08-07,3,18.0,54.0
702,1027,2024-07-23,2,15.0,30.0
703,1027,2024-07-21,4,18.0,72.0
704,1027,2024-08-02,4,10.0,40.0
705,1027,2024-07-19,3,12.0,36.0
706,1027,2024-08-05,1,15.0,15.0
707,1027,2024-08-03,4,12.0,48.0
708,1027,2024-07-26,3,15.0,45.0
709,1027,2024-08-04,1,10.0,10.0
710,1027,2024-07-29,4,15.0,60.0
711,1027,2024-07-30,1,12.0,12.0
712,1027,2024-08-05,2,18.0,36.0
713,1027,2024-07-24,4,10.0,40.0
714,1027,2024-08-07,1,15.0,15.0
715,1027,2024-07-21,1,20.0,20.0
716,1027,2024-07-19,3,18.0,54.0
717,1027,2024-08-07,3,18.0,54.0
718,1027,2024-07-26,1,20.0,20.0
719,1027,2024-07-31,2,18.0,36.0
720,1027,2024-08-02,2,15.0,30.0
721,1027,2024-07-29,3,18.0,54.0
722,1027,2024-08-03,1,12.0,12.0
723,1027,2024-07-25,3,18.0,54.0
724,1027,2024-07-29,4,10.0,40.0
725,1027,2024-07-27,3,12.0,36.0
726,1027,2024-07-23,2,18.0,36.0
727,1027,2024-08-04,2,15.0,30.0
728,1027,2024-08-07,4,15.0,60.0
729,1027,2024-07-19,4,15.0,60.0
730,1027,2024-07-24,3,18.0,54.0
731,1027,2024-07-19,2,15.0,30.0
732,1027,2024-07-28,2,18.0,36.0
733,1027,2024-07-28,2,18.0,36.0
734,1027,2024-07-28,3,18.0,54.0
735,1028,2024-08-17,3,18.0,54.0
736,1028,2024-08-16,4,15.0,60.0
737,1028,2024-08-21,2,20.0,40.0
738,1028,2024-08-07,2,20.0,40.0
739,1028,2024-08-24,4,12.0,48.0
740,1028,2024-08-10,3,10.0,30.0
741,1028,2024-08-11,4,12.0,48.0
742,1028,2024-08-15,2,15.0,30.0
743,1028,2024-08-20,4,18.0,72.0
744,1028,2024-08-22,4,20.0,80.0
745,1028,2024-08-09,4,20.0,80.0
746,1028,2024-08-08,4,20.0,80.0
747,1028,2024-08-23,3,20.0,60.0
748,1028,2024-08-05,1,10.0,10.0
749,1028,2024-08-17,3,12.0,36.0
750,1028,2024-08-05,1,20.0,20.0
751,1028,2024-08-12,3,18.0,54.0
752,1028,2024-08-21,1,10.0,10.0
753,1028,2024-08-16,2,20.0,40.0
754,1028,2024-08-08,2,18.0,36.0
755,1028,2024-08-13,4,18.0,72.0
756,1028,2024-08-06,2,15.0,30.0
757,1028,2024-08-24,4,10.0,40.0
758,1028,2024-08-15,4,10.0,40.0
759,1028,2024-08-21,2,15.0,30.0
760,1028,2024-08-15,3,18.0,54.0
761,1028,2024-08-18,4,15.0,60.0
762,1028,2024-08-09,1,18.0,18.0
763,1028,2024-08-10,3,10.0,30.0
764,1028,2024-08-15,1,10.0,10.0
765,1028,2024-08-24,3,10.0,30.0
766,1028,2024-08-19,2,20.0,40.0
767,1028,2024-08-19,2,15.0,30.0
768,1028,2024-08-07,4,18.0,72.0
769,1028,2024-08-17,4,12.0,48.0
770,1028,2024-08-19,4,18.0,72.0
771,1028,2024-08-24,2,18.0,36.0
772,1028,2024-08-06,4,18.0,72.0
773,1028,2024-08-24,2,12.0,24.0
774,1028,2024-08-16,1,20.0,20.0
775,1028,2024-08-21,2,15.0,30.0
776,1028,2024-08-14,2,18.0,36.0
777,1028,2024-08-21,3,18.0,54.0
778,1028,2024-08-08,3,20.0,60.0
779,1028,2024-08-12,4,20.0,80.0
780,1028,2024-08-21,3,15.0,45.0
781,1029,2024-07-17,2,15.0,30.0
782,1029,2024-07-17,1,12.0,12.0
783,1029,2024-07-26,1,12.0,12.0
784,1029,2024-07-27,1,12.0,12.0
785,1029,2024-07-25,2,20.0,40.0
786,1029,2024-07-24,4,20.0,80.0
787,1029,2024-08-01,4,18.0,72.0
788,1029,2024-07-31,4,20.0,80.0
789,1029,2024-07-31,2,18.0,36.0
790,1029,2024-07-27,2,12.0,24.0
791,1029,2024-07-26,4,20.0,80.0
792,1029,2024-08-04,3,10.0,30.0
793,1029,2024-07-21,2,12.0,24.0
794,1029,2024-07-24,4,18.0,72.0
795,1029,2024-07-21,4,18.0,72.0
796,1029,2024-07-21,2,10.0,20.0
797,1029,2024-07-18,1,12.0,12.0
798,1029,2024-07-27,1,15.0,15.0
799,1029,2024-07-29,3,12.0,36.0
800,1029,2024-07-22,4,20.0,80.0
801,1029,2024-07-20,1,20.0,20.0
802,1029,2024-08-02,3,20.0,60.0
803,1029,2024-07-25,1,18.0,18.0
804,1029,2024-07-19,2,18.0,36.0
805,1029,2024-08-02,2,15.0,30.0
806,1029,2024-08-04,4,15.0,60.0
807,1029,2024-07-25,1,18.0,18.0
808,1029,2024-08-02,2,12.0,24.0
809,1029,2024-07-18,3,20.0,60.0
810,1029,2024-07-23,2,20.0,40.0
811,1029,2024-08-01,2,12.0,24.0
812,1029,2024-08-04,3,20.0,60.0
813,1029,2024-07-28,2,15.0,30.0
814,1029,2024-07-27,3,20.0,60.0
815,1029,2024-07-28,1,12.0,12.0
816,1029,2024-07-23,1,15.0,15.0
817,1029,2024-08-01,2,12.0,24.0
818,1029,2024-08-01,3,12.0,36.0
819,1029,2024-07-24,4,12.0,48.0
820,1030,2024-08-04,4,18.0,72.0
821,1030,2024-07-29,1,10.0,10.0
822,1030,2024-07-31,3,15.0,45.0
823,1030,2024-07-29,4,15.0,60.0
824,1030,2024-07-25,1,10.0,10.0
825,1030,2024-07-29,3,10.0,30.0
826,1030,2024-07-26,4,12.0,48.0
827,1030,2024-07-30,2,18.0,36.0
828,1030,2024-08-04,3,15.0,45.0
829,1030,2024-08-02,2,20.0,40.0
830,1030,2024-07-28,3,10.0,30.0
831,1030,2024-08-11,1,18.0,18.0
832,1030,2024-08-12,1,12.0,12.0
833,1030,2024-07-29,4,10.0,40.0
834,1030,2024-07-30,2,12.0,24.0
835,1030,2024-08-03,2,15.0,30.0
836,1030,2024-08-10,3,15.0,45.0
837,1030,2024-08-10,3,12.0,36.0
838,1030,2024-08-11,4,15.0,60.0
839,1030,2024-08-05,4,10.0,40.0
840,1030,2024-08-09,1,12.0,12.0
841,1030,2024-07-28,1,12.0,12.0
842,1030,2024-07-25,2,20.0,40.0
843,1030,2024-07-29,1,10.0,10.0
844,1030,2024-08-02,1,18.0,18.0
845,1030,2024-08-08,4,10.0,40.0
846,1030,2024-08-05,4,10.0,40.0
847,1030,2024-08-09,1,15.0,15.0
848,1030,2024-08-01,3,12.0,36.0
849,1030,2024-07-31,2,12.0,24.0
850,1030,2024-08-10,1,20.0,20.0
851,1030,2024-08-07,4,15.0,60.0
852,1030,2024-08-06,2,18.0,36.0
853,1030,2024-07-24,4,12.0,48.0
854,1030,2024-08-10,1,12.0,12.0
855,1030,2024-08-09,4,15.0,60.0
856,1030,2024-07-30,3,12.0,36.0
857,1030,2024-08-05,3,10.0,30.0
858,1030,2024-08-05,3,10.0,30.0
859,1030,2024-08-03,2,20.0,40.0
860,1030,2024-07-24,2,18.0,36.0
861,1030,2024-08-03,1,12.0,12.0
862,1030,2024-07-28,4,10.0,40.0
863,1030,2024-08-05,4,20.0,80.0
864,1030,2024-08-10,1,15.0,15.0
865,1030,2024-08-02,2,18.0,36.0
866,1031,2024-08-04,3,20.0,60.0
867,1031,2024-08-12,4,10.0,40.0
868,1031,2024-08-17,1,10.0,10.0
869,1031,2024-08-09,2,10.0,20.0
870,1031,2024-08-16,4,20.0,80.0
871,1031,2024-08-08,4,18.0,72.0
872,1031,2024-08-05,1,20.0,20.0
873,1031,2024-07-31,2,15.0,30.0
874,1031,2024-08-15,3,10.0,30.0
875,1031,2024-08-01,2,12.0,24.0
876,1031,2024-07-31,3,18.0,54.0
877,1031,2024-07-30,1,15.0,15.0
878,1031,2024-08-04,2,10.0,20.0
879,1031,2024-08-10,1,18.0,18.0
880,1031,2024-08-14,4,20.0,80.0
881,1031,2024-07-29,1,15.0,15.0
882,1031,2024-08-12,1,10.0,10.0
883,1031,2024-08-13,1,12.0,12.0
884,1031,2024-08-02,3,20.0,60.0
885,1031,2024-08-01,3,12.0,36.0
886,1031,2024-08-06,2,15.0,30.0
887,1031,2024-08-14,1,15.0,15.0
888,1031,2024-08-04,3,20.0,60.0
889,1031,2024-08-15,3,20.0,60.0
890,1031,2024-08-15,4,18.0,72.0
891,1031,2024-08-01,3,10.0,30.0
892,1031,2024-08-02,2,15.0,30.0
893,1031,2024-08-12,3,10.0,30.0
894,1031,2024-07-30,1,12.0,12.0
895,1031,2024-08-01,1,10.0,10.0
896,1031,2024-08-17,2,10.0,20.0
897,1031,2024-08-02,3,18.0,54.0
898,1031,2024-08-13,2,10.0,20.0
899,1031,2024-07-31,4,12.0,48.0
900,1031,2024-08-07,2,18.0,36.0
901,1031,2024-08-07,3,10.0,30.0
902,1031,2024-07-30,3,10.0,30.0
903,1031,2024-08-01,1,12.0,12.0
904,1031,2024-08-10,1,18.0,18.0
905,1031,2024-08-15,4,15.0,60.0
906,1031,2024-08-08,3,10.0,30.0
907,1031,2024-07-31,4,10.0,40.0
908,1031,2024-08-06,2,15.0,30.0
909,1031,2024-07-30,3,20.0,60.0
910,1031,2024-08-10,4,15.0,60.0
911,1031,2024-07-30,4,12.0,48.0
912,1032,2024-08-17,2,10.0,20.0
913,1032,2024-08-11,1,12.0,12.0
914,1032,2024-08-07,3,10.0,30.0
915,1032,2024-08-14,1,18.0,18.0
916,1032,2024-08-15,1,12.0,12.0
917,1032,2024-08-08,2,18.0,36.0
918,1032,2024-08-09,1,12.0,12.0
919,1032,2024-08-16,1,10.0,10.0
920,1032,2024-08-17,4,15.0,60.0
921,1032,2024-08-10,1,20.0,20.0
922,1032,2024-08-21,2,18.0,36.0
923,1032,2024-08-22,1,18.0,18.0
924,1032,2024-08-20,2,15.0,30.0
925,1032,2024-08-16,3,18.0,54.0
926,1032,2024-08-14,3,18.0,54.0
927,1032,2024-08-16,2,10.0,20.0
928,1032,2024-08-18,2,20.0,40.0
929,1032,2024-08-21,2,10.0,20.0
930,1032,2024-08-19,4,18.0,72.0
931,1032,2024-08-14,4,10.0,40.0
932,1032,2024-08-07,3,12.0,36.0
933,1032,2024-08-10,3,18.0,54.0
934,1032,2024-08-16,1,10.0,10.0
935,1032,2024-08-19,3,20.0,60.0
936,1032,2024-08-23,2,15.0,30.0
937,1032,2024-08-20,1,12.0,12.0
938,1032,2024-08-13,4,20.0,80.0
939,1032,2024-08-23,3,15.0,45.0
940,1032,2024-08-19,1,18.0,18.0
941,1032,2024-08-10,2,10.0,20.0
942,1032,2024-08-10,1,12.0,12.0
943,1032,2024-08-21,1,10.0,10.0
944,1032,2024-08-17,2,12.0,24.0
945,1032,2024-08-12,3,10.0,30.0
946,1032,2024-08-06,3,10.0,30.0
947,1032,2024-08-24,1,12.0,12.0
948,1032,2024-08-10,2,10.0,20.0
949,1032,2024-08-14,1,10.0,10.0
950,1032,2024-08-10,1,12.0,12.0
951,1032,2024-08-06,4,18.0,72.0
952,1032,2024-08-09,1,18.0,18.0
953,1032,2024-08-11,2,15.0,30.0
954,1032,2024-08-18,2,15.0,30.0
955,1032,2024-08-16,4,12.0,48.0
956,1033,2024-07-25,2,15.0,30.0
957,1033,2024-07-29,4,20.0,80.0
958,1033,2024-07-29,1,10.0,10.0
959,1033,2024-08-05,4,12.0,48.0
960,1033,2024-07-31,2,20.0,40.0
961,1033,2024-08-06,1,18.0,18.0
962,1033,2024-08-02,4,20.0,80.0
963,1033,2024-07-29,3,20.0,60.0
964,1033,2024-07-28,3,18.0,54.0
965,1033,2024-08-05,2,10.0,20.0
966,1033,2024-08-03,2,10.0,20.0
967,1033,2024-08-05,1,18.0,18.0
968,1034,2024-08-17,2,12.0,24.0
969,1034,2024-08-25,2,12.0,24.0
970,1034,2024-08-20,1,12.0,12.0
971,1034,2024-08-10,4,15.0,60.0
972,1034,2024-08-23,2,12.0,24.0
973,1034,2024-08-10,3,15.0,45.0
974,1034,2024-08-10,1,15.0,15.0
975,1034,2024-08-10,2,20.0,40.0
976,1034,2024-08-22,4,20.0,80.0
977,1034,2024-08-19,2,18.0,36.0
978,1034,2024-08-27,1,10.0,10.0
979,1034,2024-08-21,2,10.0,20.0
980,1034,2024-08-12,4,10.0,40.0
981,1034,2024-08-18,2,12.0,24.0
982,1034,2024-08-18,2,15.0,30.0
983,1034,2024-08-27,1,12.0,12.0
984,1034,2024-08-10,2,10.0,20.0
985,1034,2024-08-12,3,10.0,30.0
986,1034,2024-08-17,4,20.0,80.0
987,1034,2024-08-25,3,15.0,45.0
988,1034,2024-08-18,2,12.0,24.0
989,1034,2024-08-15,4,15.0,60.0
990,1034,2024-08-23,3,12.0,36.0
991,1034,2024-08-10,2,18.0,36.0
992,1034,2024-08-19,3,12.0,36.0
993,1034,2024-08-23,1,20.0,20.0
994,1034,2024-08-16,1,12.0,12.0
995,1034,2024-08-09,3,20.0,60.0
996,1034,2024-08-21,1,18.0,18.0
997,1034,2024-08-24,3,10.0,30.0
998,1034,2024-08-21,3,15.0,45.0
999,1034,2024-08-23,1,15.0,15.0
1000,1034,2024-08-14,1,15.0,15.0
1001,1034,2024-08-22,2,10.0,20.0
1002,1034,2024-08-17,3,10.0,30.0
1003,1034,2024-08-28,1,18.0,18.0
1004,1034,2024-08-14,4,12.0,48.0
1005,1034,2024-08-15,4,18.0,72.0
1006,1034,2024-08-17,4,10.0,40.0
1007,1034,2024-08-13,2,12.0,24.0
1008,1034,2024-08-14,1,10.0,10.0
1009,1034,2024-08-19,1,15.0,15.0
1010,1034,2024-08-20,1,10.0,10.0
1011,1035,2024-08-24,4,12.0,48.0
1012,1035,2024-08-27,1,15.0,15.0
1013,1035,2024-08-10,4,10.0,40.0
1014,1035,2024-08-16,2,20.0,40.0
1015,1035,2024-08-16,2,10.0,20.0
1016,1035,2024-08-26,3,12.0,36.0
1017,1035,2024-08-23,4,20.0,80.0
1018,1035,2024-08-12,3,15.0,45.0
1019,1035,2024-08-20,2,10.0,20.0
1020,1035,2024-08-28,4,20.0,80.0
1021,1035,2024-08-12,4,12.0,48.0
1022,1035,2024-08-28,3,10.0,30.0
1023,1035,2024-08-16,1,15.0,15.0
1024,1035,2024-08-10,4,12.0,48.0
1025,1035,2024-08-26,1,12.0,12.0
1026,1035,2024-08-24,3,10.0,30.0
1027,1035,2024-08-14,1,15.0,15.0
1028,1035,2024-08-17,4,18.0,72.0
1029,1035,2024-08-21,1,20.0,20.0
1030,1035,2024-08-17,2,15.0,30.0
1031,1035,2024-08-17,3,12.0,36.0
1032,1035,2024-08-15,1,15.0,15.0
1033,1035,2024-08-15,4,15.0,60.0
1034,1035,2024-08-22,3,20.0,60.0
1035,1035,2024-08-28,2,10.0,20.0
1036,1035,2024-08-27,3,20.0,60.0
1037,1035,2024-08-16,2,20.0,40.0
1038,1035,2024-08-28,4,20.0,80.0
1039,1035,2024-08-16,4,20.0,80.0
1040,1035,2024-08-22,4,15.0,60.0
1041,1035,2024-08-27,4,10.0,40.0
1042,1036,2024-08-01,2,10.0,20.0
1043,1036,2024-08-05,2,12.0,24.0
1044,1036,2024-08-13,2,12.0,24.0
1045,1036,2024-08-18,4,10.0,40.0
1046,1036,2024-08-06,2,12.0,24.0
1047,1036,2024-07-31,3,15.0,45.0
1048,1036,2024-08-17,1,18.0,18.0
1049,1036,2024-08-02,4,20.0,80.0
1050,1036,2024-08-09,3,20.0,60.0
1051,1036,2024-08-05,1,20.0,20.0
1052,1036,2024-08-01,4,10.0,40.0
1053,1036,2024-08-06,2,12.0,24.0
1054,1036,2024-08-01,1,10.0,10.0
1055,1036,2024-08-01,1,15.0,15.0
1056,1036,2024-08-02,3,18.0,54.0
1057,1036,2024-08-11,4,18.0,72.0
1058,1036,2024-08-01,4,10.0,40.0
1059,1036,2024-08-14,3,18.0,54.0
1060,1036,2024-08-15,4,10.0,40.0
1061,1036,2024-08-07,3,12.0,36.0
1062,1036,2024-08-18,4,15.0,60.0
1063,1036,2024-08-08,1,15.0,15.0
1064,1036,2024-08-10,3,15.0,45.0
1065,1036,2024-08-04,1,12.0,12.0
1066,1036,2024-08-15,3,18.0,54.0
1067,1036,2024-08-09,3,18.0,54.0
1068,1036,2024-07-31,1,12.0,12.0
1069,1036,2024-08-05,2,18.0,36.0
1070,1036,2024-08-04,3,10.0,30.0
1071,1036,2024-08-03,2,10.0,20.0
1072,1036,2024-08-10,4,12.0,48.0
1073,1036,2024-08-03,1,12.0,12.0
1074,1036,2024-08-13,2,10.0,20.0
1075,1036,2024-08-12,1,18.0,18.0
1076,1036,2024-08-18,3,12.0,36.0
1077,1036,2024-08-11,3,18.0,54.0
1078,1036,2024-08-03,4,10.0,40.0
1079,1036,2024-08-19,2,15.0,30.0
1080,1036,2024-08-04,4,12.0,48.0
1081,1036,2024-08-04,3,15.0,45.0
1082,1036,2024-08-14,3,10.0,30.0
1083,1036,2024-08-10,1,18.0,18.0
1084,1037,2024-07-31,2,12.0,24.0
1085,1037,2024-07-29,2,15.0,30.0
1086,1037,2024-07-23,1,10.0,10.0
1087,1037,2024-07-21,2,12.0,24.0
1088,1037,2024-07-17,1,12.0,12.0
1089,1037,2024-07-28,3,15.0,45.0
1090,1037,2024-07-23,4,15.0,60.0
1091,1037,2024-07-22,3,12.0,36.0
1092,1037,2024-07-22,3,20.0,60.0
1093,1037,2024-07-17,4,20.0,80.0
1094,1037,2024-08-02,1,20.0,20.0
1095,1037,2024-07-25,3,15.0,45.0
1096,1037,2024-08-02,4,10.0,40.0
1097,1038,2024-08-02,3,15.0,45.0
1098,1038,2024-08-02,3,12.0,36.0
1099,1038,2024-08-06,2,10.0,20.0
1100,1038,2024-07-22,4,15.0,60.0
1101,1038,2024-08-06,1,18.0,18.0
1102,1038,2024-08-01,3,18.0,54.0
1103,1038,2024-07-29,4,10.0,40.0
1104,1038,2024-07-23,2,15.0,30.0
1105,1038,2024-08-03,4,15.0,60.0
1106,1038,2024-07-25,3,12.0,36.0
1107,1038,2024-07-24,2,15.0,30.0
1108,1038,2024-08-07,4,12.0,48.0
1109,1038,2024-08-02,2,15.0,30.0
1110,1038,2024-08-08,2,15.0,30.0
1111,1038,2024-08-03,3,18.0,54.0
1112,1038,2024-07-31,3,15.0,45.0
1113,1038,2024-07-23,3,18.0,54.0
1114,1038,2024-08-07,4,10.0,40.0
1115,1038,2024-07-23,1,18.0,18.0
1116,1038,2024-08-04,1,18.0,18.0
1117,1038,2024-07-25,3,18.0,54.0
1118,1038,2024-08-09,2,12.0,24.0
1119,1038,2024-08-04,3,18.0,54.0
1120,1038,2024-07-23,4,12.0,48.0
1121,1038,2024-07-31,2,10.0,20.0
1122,1038,2024-07-26,3,12.0,36.0
1123,1038,2024-07-31,1,10.0,10.0
1124,1038,2024-07-27,3,12.0,36.0
1125,1038,2024-08-05,2,18.0,36.0
1126,1038,2024-08-08,2,20.0,40.0
1127,1038,2024-07-28,4,18.0,72.0
1128,1039,2024-08-13,4,10.0,40.0
1129,1039,2024-08-27,2,15.0,30.0
1130,1039,2024-08-28,3,20.0,60.0
1131,1039,2024-08-22,1,10.0,10.0
1132,1039,2024-08-21,2,15.0,30.0
1133,1039,2024-08-19,2,10.0,20.0
1134,1039,2024-08-16,3,12.0,36.0
1135,1039,2024-08-26,1,15.0,15.0
1136,1039,2024-08-19,4,20.0,80.0
1137,1039,2024-08-09,3,18.0,54.0
1138,1039,2024-08-24,3,18.0,54.0
1139,1039,2024-08-17,2,12.0,24.0
1140,1039,2024-08-16,1,12.0,12.0
1141,1039,2024-08-21,2,12.0,24.0
1142,1039,2024-08-28,2,10.0,20.0
1143,1039,2024-08-17,1,18.0,18.0
1144,1039,2024-08-20,1,20.0,20.0
1145,1039,2024-08-27,1,10.0,10.0
1146,1039,2024-08-27,1,18.0,18.0
1147,1039,2024-08-14,4,10.0,40.0
1148,1039,2024-08-11,3,18.0,54.0
1149,1039,2024-08-24,2,10.0,20.0
1150,1039,2024-08-19,4,10.0,40.0
1151,1039,2024-08-12,3,20.0,60.0
1152,1039,2024-08-09,2,18.0,36.0
1153,1039,2024-08-25,1,15.0,15.0
1154,1039,2024-08-25,1,18.0,18.0
1155,1039,2024-08-22,2,15.0,30.0
1156,1039,2024-08-12,2,15.0,30.0
1157,1039,2024-08-15,3,12.0,36.0
1158,1039,2024-08-27,4,12.0,48.0
1159,1039,2024-08-13,3,12.0,36.0
1160,1039,2024-08-28,1,10.0,10.0
1161,1039,2024-08-25,4,12.0,48.0
1162,1039,2024-08-26,1,10.0,10.0
1163,1039,2024-08-20,2,18.0,36.0
1164,1039,2024-08-19,3,18.0,54.0
1165,1040,2024-08-25,2,10.0,20.0
1166,1040,2024-08-19,3,15.0,45.0
1167,1040,2024-08-15,1,10.0,10.0
1168,1040,2024-08-27,1,12.0,12.0
1169,1040,2024-08-23,3,15.0,45.0
1170,1040,2024-08-14,3,10.0,30.0
1171,1040,2024-08-17,3,12.0,36.0
1172,1040,2024-08-25,4,18.0,72.0
1173,1040,2024-08-14,3,18.0,54.0
1174,1040,2024-08-13,4,12.0,48.0
1175,1040,2024-08-25,2,10.0,20.0
1176,1040,2024-08-23,1,18.0,18.0
1177,1040,2024-08-10,4,20.0,80.0
1178,1041,2024-08-10,4,15.0,60.0
1179,1041,2024-07-27,1,12.0,12.0
1180,1041,2024-07-31,4,10.0,40.0
1181,1041,2024-08-02,4,10.0,40.0
1182,1041,2024-08-13,3,15.0,45.0
1183,1041,2024-08-15,2,15.0,30.0
1184,1041,2024-07-30,1,18.0,18.0
1185,1041,2024-08-08,4,15.0,60.0
1186,1041,2024-08-03,2,20.0,40.0
1187,1041,2024-07-27,1,10.0,10.0
1188,1041,2024-08-10,4,18.0,72.0
1189,1041,2024-08-10,1,18.0,18.0
1190,1041,2024-08-05,2,15.0,30.0
1191,1041,2024-08-07,1,20.0,20.0
1192,1041,2024-08-08,4,18.0,72.0
1193,1041,2024-08-08,1,18.0,18.0
1194,1041,2024-08-01,4,10.0,40.0
1195,1041,2024-07-31,4,15.0,60.0
1196,1041,2024-08-12,4,10.0,40.0
1197,1041,2024-08-12,4,18.0,72.0
1198,1041,2024-08-14,1,10.0,10.0
1199,1041,2024-07-27,3,20.0,60.0
1200,1041,2024-07-29,2,18.0,36.0
1201,1041,2024-08-05,3,10.0,30.0
1202,1041,2024-08-08,4,15.0,60.0
1203,1041,2024-07-29,4,15.0,60.0
1204,1041,2024-08-01,1,10.0,10.0
1205,1041,2024-08-08,1,15.0,15.0
1206,1041,2024-08-04,3,20.0,60.0
1207,1041,2024-07-30,3,10.0,30.0
1208,1041,2024-08-14,2,18.0,36.0
1209,1041,2024-08-11,4,10.0,40.0
1210,1041,2024-08-07,2,12.0,24.0
1211,1041,2024-08-12,4,12.0,48.0
1212,1041,2024-08-01,2,15.0,30.0
1213,1041,2024-08-12,4,10.0,40.0
1214,1041,2024-07-28,1,18.0,18.0
1215,1041,2024-08-01,2,18.0,36.0
1216,1042,2024-08-05,1,20.0,20.0
1217,1042,2024-08-08,4,20.0,80.0
1218,1042,2024-08-16,2,12.0,24.0
1219,1042,2024-08-18,4,20.0,80.0
1220,1042,2024-08-02,3,20.0,60.0
1221,1042,2024-08-09,4,20.0,80.0
1222,1042,2024-08-14,3,18.0,54.0
1223,1042,2024-08-11,3,18.0,54.0
1224,1042,2024-08-17,2,18.0,36.0
1225,1042,2024-08-02,3,20.0,60.0
1226,1043,2024-07-30,2,12.0,24.0
1227,1043,2024-08-10,3,15.0,45.0
1228,1043,2024-08-12,2,20.0,40.0
1229,1043,2024-07-30,3,10.0,30.0
1230,1043,2024-08-05,4,20.0,80.0
1231,1043,2024-07-29,4,20.0,80.0
1232,1043,2024-08-07,4,10.0,40.0
1233,1043,2024-07-31,1,10.0,10.0
1234,1043,2024-08-04,2,10.0,20.0
1235,1043,2024-08-15,2,15.0,30.0
1236,1043,2024-08-11,3,15.0,45.0
1237,1043,2024-08-12,1,15.0,15.0
1238,1043,2024-08-10,1,15.0,15.0
1239,1043,2024-08-02,1,20.0,20.0
1240,1043,2024-07-30,2,20.0,40.0
1241,1043,2024-08-04,2,20.0,40.0
1242,1043,2024-08-07,1,18.0,18.0
1243,1043,2024-08-04,4,15.0,60.0
1244,1043,2024-07-30,1,10.0,10.0
1245,1043,2024-08-08,2,20.0,40.0
1246,1043,2024-08-02,2,15.0,30.0
1247,1043,2024-07-29,2,12.0,24.0
1248,1043,2024-08-07,4,12.0,48.0
1249,1043,2024-08-14,2,12.0,24.0
1250,1043,2024-07-31,1,18.0,18.0
1251,1043,2024-08-15,4,15.0,60.0
1252,1043,2024-07-30,3,12.0,36.0
1253,1043,2024-08-11,3,10.0,30.0
1254,1043,2024-08-06,4,12.0,48.0
1255,1043,2024-08-15,2,15.0,30.0
1256,1044,2024-08-23,3,18.0,54.0
1257,1044,2024-08-06,3,10.0,30.0
1258,1044,2024-08-14,2,12.0,24.0
1259,1044,2024-08-08,1,20.0,20.0
1260,1044,2024-08-19,4,20.0,80.0
1261,1044,2024-08-07,4,10.0,40.0
1262,1044,2024-08-13,2,12.0,24.0
1263,1044,2024-08-14,3,15.0,45.0
1264,1044,2024-08-15,2,20.0,40.0
1265,1044,2024-08-08,4,20.0,80.0
1266,1044,2024-08-24,1,15.0,15.0
1267,1044,2024-08-10,2,20.0,40.0
1268,1044,2024-08-05,2,10.0,20.0
1269,1044,2024-08-14,4,10.0,40.0
1270,1044,2024-08-12,3,20.0,60.0
1271,1044,2024-08-15,1,20.0,20.0
1272,1044,2024-08-13,4,18.0,72.0
1273,1044,2024-08-23,3,12.0,36.0
1274,1044,2024-08-14,1,10.0,10.0
1275,1044,2024-08-19,1,10.0,10.0
1276,1044,2024-08-18,2,18.0,36.0
1277,1044,2024-08-21,2,20.0,40.0
1278,1044,2024-08-11,1,12.0,12.0
1279,1044,2024-08-24,4,15.0,60.0
1280,1044,2024-08-23,1,10.0,10.0
1281,1044,2024-08-23,2,15.0,30.0
1282,1044,2024-08-07,1,20.0,20.0
1283,1044,2024-08-17,3,18.0,54.0
1284,1044,2024-08-12,4,18.0,72.0
1285,1044,2024-08-11,3,10.0,30.0
1286,1044,2024-08-12,1,20.0,20.0
1287,1044,2024-08-24,1,20.0,20.0
1288,1044,2024-08-23,1,15.0,15.0
1289,1044,2024-08-08,1,15.0,15.0
1290,1044,2024-08-15,1,15.0,15.0
1291,1044,2024-08-10,4,18.0,72.0
1292,1044,2024-08-24,4,12.0,48.0
1293,1044,2024-08-07,2,12.0,24.0
1294,1044,2024-08-12,3,12.0,36.0
1295,1044,2024-08-15,3,10.0,30.0
1296,1044,2024-08-07,2,10.0,20.0
1297,1044,2024-08-23,1,20.0,20.0
1298,1044,2024-08-05,4,20.0,80.0
1299,1044,2024-08-07,1,15.0,15.0
1300,1044,2024-08-18,3,12.0,36.0
1301,1044,2024-08-11,2,12.0,24.0
1302,1044,2024-08-19,2,20.0,40.0
1303,1044,2024-08-16,2,10.0,20.0
1304,1045,2024-08-02,1,20.0,20.0
1305,1045,2024-08-06,1,15.0,15.0
1306,1045,2024-08-18,3,10.0,30.0
1307,1045,2024-08-14,4,15.0,60.0
1308,1045,2024-08-09,2,12.0,24.0
1309,1045,2024-08-17,3,20.0,60.0
1310,1045,2024-08-18,2,15.0,30.0
1311,1045,2024-08-05,4,15.0,60.0
1312,1045,2024-08-01,3,20.0,60.0
1313,1045,2024-08-16,3,15.0,45.0
1314,1045,2024-08-07,2,10.0,20.0
1315,1045,2024-08-10,2,12.0,24.0
1316,1045,2024-08-07,3,15.0,45.0
1317,1045,2024-08-16,3,18.0,54.0
1318,1045,2024-08-06,4,15.0,60.0
1319,1045,2024-08-11,4,20.0,80.0
1320,1045,2024-08-17,2,20.0,40.0
1321,1045,2024-08-18,3,12.0,36.0
1322,1045,2024-08-03,2,15.0,30.0
1323,1045,2024-08-18,1,10.0,10.0
1324,1045,2024-08-04,1,20.0,20.0
1325,1046,2024-07-22,2,10.0,20.0
1326,1046,2024-07-17,3,20.0,60.0
1327,1046,2024-07-17,4,12.0,48.0
1328,1046,2024-07-23,4,12.0,48.0
1329,1046,2024-07-16,3,12.0,36.0
1330,1046,2024-07-20,1,18.0,18.0
1331,1046,2024-07-23,1,12.0,12.0
1332,1046,2024-07-15,2,20.0,40.0
1333,1046,2024-07-30,4,12.0,48.0
1334,1046,2024-07-29,2,18.0,36.0
1335,1046,2024-07-23,1,12.0,12.0
1336,1046,2024-07-19,2,10.0,20.0
1337,1046,2024-07-26,3,12.0,36.0
1338,1046,2024-08-02,2,20.0,40.0
1339,1046,2024-07-23,4,18.0,72.0
1340,1046,2024-07-20,1,10.0,10.0
1341,1046,2024-07-24,1,20.0,20.0
1342,1046,2024-07-26,3,20.0,60.0
1343,1046,2024-07-17,2,18.0,36.0
1344,1046,2024-07-22,3,20.0,60.0
1345,1046,2024-08-01,3,18.0,54.0
1346,1046,2024-07-27,4,15.0,60.0
1347,1046,2024-07-23,4,18.0,72.0
1348,1046,2024-07-15,1,20.0,20.0
1349,1046,2024-07-30,4,12.0,48.0
1350,1046,2024-07-27,1,20.0,20.0
1351,1046,2024-07-26,2,12.0,24.0
1352,1046,2024-07-29,2,15.0,30.0
1353,1046,2024-07-15,1,12.0,12.0
1354,1046,2024-07-21,3,10.0,30.0
1355,1046,2024-07-19,4,18.0,72.0
1356,1046,2024-07-28,2,18.0,36.0
1357,1046,2024-08-03,2,10.0,20.0
1358,1046,2024-07-30,2,12.0,24.0
1359,1046,2024-07-18,1,20.0,20.0
1360,1046,2024-07-30,1,12.0,12.0
1361,1046,2024-07-26,2,20.0,40.0
1362,1046,2024-07-22,1,15.0,15.0
1363,1046,2024-08-01,2,18.0,36.0
1364,1046,2024-07-15,4,18.0,72.0
1365,1046,2024-07-29,2,18.0,36.0
1366,1046,2024-07-15,2,20.0,40.0
1367,1046,2024-07-29,3,12.0,36.0
1368,1046,2024-07-24,4,20.0,80.0
1369,1046,2024-07-16,1,12.0,12.0
1370,1046,2024-07-22,4,12.0,48.0
1371,1046,2024-07-31,1,12.0,12.0
1372,1047,2024-07-15,4,12.0,48.0
1373,1047,2024-07-12,1,12.0,12.0
1374,1047,2024-07-16,1,20.0,20.0
1375,1047,2024-07-15,1,10.0,10.0
1376,1047,2024-07-16,2,20.0,40.0
1377,1047,2024-07-14,1,18.0,18.0
1378,1047,2024-07-15,4,15.0,60.0
1379,1047,2024-07-30,4,12.0,48.0
1380,1047,2024-07-16,4,15.0,60.0
1381,1047,2024-07-13,1,18.0,18.0
1382,1047,2024-07-27,3,18.0,54.0
1383,1047,2024-07-24,1,15.0,15.0
1384,1047,2024-07-12,4,15.0,60.0
1385,1047,2024-07-25,1,10.0,10.0
1386,1047,2024-07-13,1,20.0,20.0
1387,1047,2024-07-31,4,12.0,48.0
1388,1047,2024-07-21,4,15.0,60.0
1389,1047,2024-07-28,2,18.0,36.0
1390,1047,2024-07-13,3,15.0,45.0
1391,1047,2024-07-14,4,20.0,80.0
1392,1047,2024-07-20,3,18.0,54.0
1393,1047,2024-07-25,4,20.0,80.0
1394,1047,2024-07-14,4,12.0,48.0
1395,1047,2024-07-20,4,15.0,60.0
1396,1047,2024-07-22,3,18.0,54.0
1397,1047,2024-07-27,1,12.0,12.0
1398,1047,2024-07-17,2,10.0,20.0
1399,1047,2024-07-25,4,15.0,60.0
1400,1047,2024-07-14,1,12.0,12.0
1401,1047,2024-07-19,1,10.0,10.0
1402,1047,2024-07-27,4,20.0,80.0
1403,1047,2024-07-18,1,10.0,10.0
1404,1047,2024-07-23,2,15.0,30.0
1405,1047,2024-07-29,1,18.0,18.0
1406,1047,2024-07-19,3,20.0,60.0
1407,1047,2024-07-30,2,18.0,36.0
1408,1047,2024-07-17,1,12.0,12.0
1409,1047,2024-07-15,3,12.0,36.0
1410,1047,2024-07-30,2,20.0,40.0
1411,1047,2024-07-26,1,15.0,15.0
1412,1047,2024-07-24,1,12.0,12.0
1413,1047,2024-07-29,3,18.0,54.0
1414,1047,2024-07-20,4,18.0,72.0
1415,1048,2024-08-01,1,10.0,10.0
1416,1048,2024-08-05,3,20.0,60.0
1417,1048,2024-07-20,3,15.0,45.0
1418,1048,2024-07-30,2,20.0,40.0
1419,1048,2024-08-01,4,18.0,72.0
1420,1048,2024-07-20,1,15.0,15.0
1421,1048,2024-08-02,4,20.0,80.0
1422,1048,2024-08-04,1,20.0,20.0
1423,1048,2024-07-29,3,10.0,30.0
1424,1048,2024-07-22,3,20.0,60.0
1425,1048,2024-07-20,3,18.0,54.0
1426,1048,2024-07-26,4,12.0,48.0
1427,1048,2024-07-28,4,18.0,72.0
1428,1048,2024-07-20,1,18.0,18.0
1429,1048,2024-08-04,3,10.0,30.0
1430,1048,2024-07-26,2,12.0,24.0
1431,1048,2024-07-28,4,15.0,60.0
1432,1048,2024-07-22,1,15.0,15.0
1433,1048,2024-07-31,3,10.0,30.0
1434,1048,2024-07-26,3,10.0,30.0
1435,1048,2024-07-21,2,18.0,36.0
1436,1048,2024-07-28,3,12.0,36.0
1437,1048,2024-07-20,3,12.0,36.0
1438,1048,2024-08-01,4,12.0,48.0
1439,1048,2024-07-31,2,15.0,30.0
1440,1048,2024-08-01,2,12.0,24.0
1441,1048,2024-07-31,3,12.0,36.0
1442,1048,2024-08-04,1,10.0,10.0
1443,1048,2024-07-23,1,20.0,20.0
1444,1048,2024-08-06,4,15.0,60.0
1445,1048,2024-07-19,3,18.0,54.0
1446,1048,2024-07-20,3,18.0,54.0
1447,1048,2024-08-02,3,18.0,54.0
1448,1048,2024-07-31,2,10.0,20.0
1449,1048,2024-07-22,4,18.0,72.0
1450,1048,2024-07-21,1,20.0,20.0
1451,1048,2024-07-27,4,12.0,48.0
1452,1048,2024-07-24,1,20.0,20.0
1453,1048,2024-07-24,3,10.0,30.0
1454,1048,2024-08-07,2,18.0,36.0
1455,1048,2024-07-20,1,15.0,15.0
1456,1048,2024-07-27,3,12.0,36.0
1457,1048,2024-07-21,3,12.0,36.0
1458,1048,2024-07-30,4,20.0,80.0
1459,1048,2024-07-28,3,12.0,36.0
1460,1048,2024-07-23,4,12.0,48.0
1461,1048,2024-07-25,3,15.0,45.0
1462,1049,2024-07-24,4,12.0,48.0
1463,1049,2024-07-14,2,20.0,40.0
1464,1049,2024-07-25,1,15.0,15.0
1465,1049,2024-07-25,4,18.0,72.0
1466,1049,2024-07-26,2,12.0,24.0
1467,1049,2024-07-17,1,12.0,12.0
1468,1049,2024-07-19,4,12.0,48.0
1469,1049,2024-07-16,3,18.0,54.0
1470,1049,2024-07-23,3,20.0,60.0
1471,1049,2024-07-14,1,18.0,18.0
1472,1049,2024-07-29,2,10.0,20.0
1473,1049,2024-07-26,3,18.0,54.0
1474,1049,2024-07-29,4,15.0,60.0
1475,1049,2024-07-24,3,15.0,45.0
1476,1049,2024-07-15,3,15.0,45.0
1477,1049,2024-08-01,4,10.0,40.0
1478,1049,2024-07-21,2,20.0,40.0
1479,1049,2024-07-14,2,15.0,30.0
1480,1049,2024-07-21,3,20.0,60.0
1481,1049,2024-07-17,4,10.0,40.0
1482,1049,2024-07-20,3,18.0,54.0
1483,1049,2024-07-28,2,15.0,30.0
1484,1049,2024-07-19,4,10.0,40.0
1485,1049,2024-07-30,2,15.0,30.0
1486,1049,2024-07-25,3,15.0,45.0
1487,1049,2024-07-23,3,20.0,60.0
1488,1049,2024-07-20,3,18.0,54.0
1489,1049,2024-07-21,4,18.0,72.0
1490,1049,2024-07-27,2,10.0,20.0
1491,1049,2024-07-28,2,15.0,30.0
1492,1049,2024-07-30,2,12.0,24.0
1493,1049,2024-07-20,1,10.0,10.0
1494,1049,2024-07-30,4,20.0,80.0
1495,1049,2024-07-31,1,18.0,18.0
1496,1049,2024-07-16,1,10.0,10.0
1497,1050,2024-07-14,2,10.0,20.0
1498,1050,2024-07-21,3,12.0,36.0
1499,1050,2024-07-26,3,18.0,54.0
1500,1050,2024-07-29,2,20.0,40.0
1501,1050,2024-07-28,1,10.0,10.0
1502,1050,2024-07-22,3,18.0,54.0
1503,1050,2024-07-19,3,20.0,60.0
1504,1050,2024-07-19,2,20.0,40.0
1505,1050,2024-07-28,4,20.0,80.0
1506,1050,2024-07-20,3,15.0,45.0
1507,1050,2024-07-18,2,10.0,20.0
1508,1050,2024-07-19,3,15.0,45.0
1509,1050,2024-07-20,3,12.0,36.0
1510,1050,2024-07-24,1,10.0,10.0
1511,1050,2024-07-17,2,15.0,30.0
1512,1050,2024-07-24,4,20.0,80.0
1513,1050,2024-08-02,4,18.0,72.0
1514,1050,2024-07-24,1,18.0,18.0
1515,1050,2024-07-24,2,10.0,20.0
1516,1050,2024-07-16,3,12.0,36.0
1517,1050,2024-07-20,4,18.0,72.0
1518,1050,2024-07-26,2,18.0,36.0
1519,1050,2024-07-21,2,15.0,30.0
1520,1050,2024-07-31,4,12.0,48.0
1521,1050,2024-07-17,3,15.0,45.0
1522,1050,2024-07-16,3,18.0,54.0
1523,1051,2024-08-13,2,12.0,24.0
1524,1051,2024-08-06,1,18.0,18.0
1525,1051,2024-07-27,4,15.0,60.0
1526,1051,2024-07-27,4,12.0,48.0
1527,1051,2024-08-05,1,12.0,12.0
1528,1051,2024-08-14,1,12.0,12.0
1529,1051,2024-08-12,3,15.0,45.0
1530,1051,2024-08-11,4,10.0,40.0
1531,1051,2024-08-08,1,12.0,12.0
1532,1051,2024-08-15,4,12.0,48.0
1533,1051,2024-08-05,4,15.0,60.0
1534,1051,2024-07-31,3,18.0,54.0
1535,1051,2024-08-14,3,10.0,30.0
1536,1051,2024-08-11,1,15.0,15.0
1537,1051,2024-08-03,1,20.0,20.0
1538,1051,2024-07-31,2,12.0,24.0
1539,1051,2024-08-07,4,10.0,40.0
1540,1051,2024-08-12,2,18.0,36.0
1541,1051,2024-08-01,2,10.0,20.0
1542,1051,2024-08-09,4,10.0,40.0
1543,1051,2024-07-30,2,18.0,36.0
1544,1051,2024-08-03,3,15.0,45.0
1545,1052,2024-08-28,1,15.0,15.0
1546,1052,2024-08-14,3,12.0,36.0
1547,1052,2024-08-18,1,12.0,12.0
1548,1052,2024-08-26,2,18.0,36.0
1549,1052,2024-08-19,1,12.0,12.0
1550,1052,2024-08-21,1,18.0,18.0
1551,1052,2024-08-22,1,10.0,10.0
1552,1052,2024-08-11,4,20.0,80.0
1553,1052,2024-08-25,3,10.0,30.0
1554,1052,2024-08-22,2,18.0,36.0
1555,1052,2024-08-27,3,10.0,30.0
1556,1052,2024-08-28,3,12.0,36.0
1557,1052,2024-08-12,1,12.0,12.0
1558,1052,2024-08-14,2,15.0,30.0
1559,1052,2024-08-12,3,18.0,54.0
1560,1052,2024-08-23,1,18.0,18.0
1561,1052,2024-08-18,2,15.0,30.0
1562,1052,2024-08-28,4,18.0,72.0
1563,1052,2024-08-12,3,20.0,60.0
1564,1052,2024-08-14,2,20.0,40.0
1565,1053,2024-08-08,3,15.0,45.0
1566,1053,2024-08-11,3,20.0,60.0
1567,1053,2024-08-08,2,10.0,20.0
1568,1053,2024-08-09,2,18.0,36.0
1569,1053,2024-08-16,3,20.0,60.0
1570,1053,2024-08-14,4,10.0,40.0
1571,1053,2024-08-09,4,12.0,48.0
1572,1053,2024-08-25,3,20.0,60.0
1573,1053,2024-08-18,3,10.0,30.0
1574,1053,2024-08-08,4,12.0,48.0
1575,1053,2024-08-09,4,20.0,80.0
1576,1053,2024-08-21,3,15.0,45.0
1577,1053,2024-08-12,3,10.0,30.0
1578,1053,2024-08-22,1,10.0,10.0
1579,1053,2024-08-21,2,10.0,20.0
1580,1053,2024-08-19,1,18.0,18.0
1581,1053,2024-08-19,1,10.0,10.0
1582,1053,2024-08-07,4,18.0,72.0
1583,1053,2024-08-09,3,10.0,30.0
1584,1053,2024-08-14,2,20.0,40.0
1585,1053,2024-08-23,1,12.0,12.0
1586,1054,2024-08-01,4,10.0,40.0
1587,1054,2024-07-23,4,15.0,60.0
1588,1054,2024-08-02,3,20.0,60.0
1589,1054,2024-08-02,1,15.0,15.0
1590,1054,2024-08-01,2,20.0,40.0
1591,1054,2024-07-31,1,12.0,12.0
1592,1054,2024-07-17,4,12.0,48.0
1593,1054,2024-07-28,2,20.0,40.0
1594,1054,2024-07-29,4,10.0,40.0
1595,1054,2024-07-16,3,18.0,54.0
1596,1054,2024-07-21,1,12.0,12.0
1597,1054,2024-07-29,4,20.0,80.0
1598,1054,2024-07-24,2,20.0,40.0
1599,1054,2024-07-15,4,15.0,60.0
1600,1054,2024-07-24,3,15.0,45.0
1601,1054,2024-07-21,4,15.0,60.0
1602,1054,2024-07-15,2,20.0,40.0
1603,1054,2024-07-17,2,18.0,36.0
1604,1054,2024-07-17,3,15.0,45.0
1605,1054,2024-07-20,4,18.0,72.0
1606,1054,2024-08-03,1,15.0,15.0
1607,1054,2024-07-15,1,20.0,20.0
1608,1054,2024-07-30,3,10.0,30.0
1609,1054,2024-07-25,2,12.0,24.0
1610,1054,2024-07-24,1,15.0,15.0
1611,1054,2024-07-17,2,10.0,20.0
1612,1054,2024-08-02,4,15.0,60.0
1613,1054,2024-07-30,2,15.0,30.0
1614,1054,2024-07-23,2,12.0,24.0
1615,1054,2024-07-26,3,10.0,30.0
1616,1054,2024-07-16,4,20.0,80.0
1617,1054,2024-07-28,1,15.0,15.0
1618,1054,2024-07-19,2,18.0,36.0
1619,1054,2024-07-16,1,20.0,20.0
1620,1054,2024-07-25,1,20.0,20.0
1621,1054,2024-07-22,1,10.0,10.0
1622,1054,2024-07-24,3,18.0,54.0
1623,1054,2024-07-21,1,12.0,12.0
1624,1054,2024-07-15,1,18.0,18.0
1625,1054,2024-08-02,3,20.0,60.0
1626,1054,2024-08-02,3,20.0,60.0
1627,1055,2024-08-10,3,20.0,60.0
1628,1055,2024-08-07,2,10.0,20.0
1629,1055,2024-08-02,4,20.0,80.0
1630,1055,2024-07-27,1,12.0,12.0
1631,1055,2024-08-01,3,18.0,54.0
1632,1055,2024-08-10,2,15.0,30.0
1633,1055,2024-08-12,4,20.0,80.0
1634,1055,2024-08-13,4,15.0,60.0
1635,1055,2024-08-12,4,20.0,80.0
1636,1055,2024-08-01,2,12.0,24.0
1637,1055,2024-07-30,2,18.0,36.0
1638,1055,2024-08-02,2,20.0,40.0
1639,1055,2024-07-26,2,12.0,24.0
1640,1055,2024-08-12,3,18.0,54.0
1641,1055,2024-08-04,1,10.0,10.0
1642,1055,2024-08-01,4,15.0,60.0
1643,1055,2024-08-03,2,15.0,30.0
1644,1055,2024-08-03,1,15.0,15.0
1645,1055,2024-08-09,3,20.0,60.0
1646,1055,2024-07-31,2,18.0,36.0
1647,1055,2024-08-13,2,12.0,24.0
1648,1055,2024-08-03,2,10.0,20.0
1649,1055,2024-08-11,1,12.0,12.0
1650,1055,2024-07-26,2,15.0,30.0
1651,1055,2024-08-14,3,10.0,30.0
1652,1055,2024-08-05,4,18.0,72.0
1653,1055,2024-08-14,3,12.0,36.0
1654,1055,2024-07-28,2,12.0,24.0
1655,1055,2024-07-28,3,20.0,60.0
1656,1055,2024-07-30,2,10.0,20.0
1657,1055,2024-08-02,1,15.0,15.0
1658,1055,2024-08-09,1,15.0,15.0
1659,1055,2024-08-08,3,10.0,30.0
1660,1055,2024-07-31,1,10.0,10.0
1661,1055,2024-08-02,3,15.0,45.0
1662,1055,2024-08-11,1,15.0,15.0
1663,1055,2024-08-02,2,18.0,36.0
1664,1055,2024-07-29,1,15.0,15.0
1665,1055,2024-07-30,1,12.0,12.0
1666,1055,2024-08-08,4,20.0,80.0
1667,1055,2024-08-14,1,12.0,12.0
1668,1055,2024-07-29,3,15.0,45.0
1669,1055,2024-07-30,4,12.0,48.0
1670,1055,2024-08-14,3,15.0,45.0
1671,1055,2024-08-03,3,12.0,36.0
1672,1055,2024-07-29,3,10.0,30.0
1673,1056,2024-08-15,4,10.0,40.0
1674,1056,2024-08-06,3,12.0,36.0
1675,1056,2024-08-19,3,18.0,54.0
1676,1056,2024-08-19,1,18.0,18.0
1677,1056,2024-08-07,2,18.0,36.0
1678,1056,2024-08-16,2,18.0,36.0
1679,1056,2024-08-14,3,18.0,54.0
1680,1056,2024-08-06,2,12.0,24.0
1681,1056,2024-08-19,2,12.0,24.0
1682,1056,2024-08-14,2,18.0,36.0
1683,1056,2024-08-19,2,15.0,30.0
1684,1056,2024-08-21,1,12.0,12.0
1685,1056,2024-08-13,2,10.0,20.0
1686,1056,2024-08-13,4,18.0,72.0
1687,1056,2024-08-14,4,15.0,60.0
1688,1056,2024-08-19,2,10.0,20.0
1689,1056,2024-08-19,2,10.0,20.0
1690,1056,2024-08-04,3,20.0,60.0
1691,1056,2024-08-05,2,20.0,40.0
1692,1056,2024-08-16,2,10.0,20.0
1693,1056,2024-08-12,1,18.0,18.0
1694,1056,2024-08-19,4,15.0,60.0
1695,1056,2024-08-18,4,18.0,72.0
1696,1056,2024-08-08,2,12.0,24.0
1697,1056,2024-08-17,2,10.0,20.0
1698,1056,2024-08-10,1,15.0,15.0
1699,1056,2024-08-10,2,12.0,24.0
1700,1056,2024-08-17,1,12.0,12.0
1701,1056,2024-08-09,4,15.0,60.0
1702,1056,2024-08-09,2,18.0,36.0
1703,1056,2024-08-11,1,20.0,20.0
1704,1056,2024-08-11,3,18.0,54.0
1705,1056,2024-08-04,1,20.0,20.0
1706,1056,2024-08-20,4,18.0,72.0
1707,1056,2024-08-22,2,20.0,40.0
1708,1056,2024-08-06,4,10.0,40.0
1709,1056,2024-08-06,4,20.0,80.0
1710,1056,2024-08-22,2,15.0,30.0
1711,1056,2024-08-09,4,15.0,60.0
1712,1056,2024-08-14,4,12.0,48.0
1713,1056,2024-08-10,3,20.0,60.0
1714,1056,2024-08-22,2,18.0,36.0
1715,1056,2024-08-09,1,20.0,20.0
1716,1056,2024-08-20,2,20.0,40.0
1717,1056,2024-08-06,2,18.0,36.0
1718,1056,2024-08-10,3,18.0,54.0
1719,1056,2024-08-23,2,18.0,36.0
1720,1056,2024-08-05,2,18.0,36.0
1721,1056,2024-08-21,3,15.0,45.0
1722,1056,2024-08-18,1,10.0,10.0
1723,1057,2024-07-23,3,10.0,30.0
1724,1057,2024-07-21,4,20.0,80.0
1725,1057,2024-07-18,2,18.0,36.0
1726,1057,2024-07-20,4,10.0,40.0
1727,1057,2024-08-01,3,20.0,60.0
1728,1057,2024-08-02,2,12.0,24.0
1729,1057,2024-08-01,1,18.0,18.0
1730,1057,2024-07-28,3,18.0,54.0
1731,1057,2024-07-28,2,10.0,20.0
1732,1057,2024-08-02,2,10.0,20.0
1733,1057,2024-07-18,3,10.0,30.0
1734,1057,2024-07-23,4,18.0,72.0
1735,1057,2024-07-20,1,20.0,20.0
1736,1057,2024-07-22,2,12.0,24.0
1737,1057,2024-07-19,4,18.0,72.0
1738,1057,2024-07-24,4,10.0,40.0
1739,1057,2024-07-18,1,12.0,12.0
1740,1058,2024-07-28,2,10.0,20.0
1741,1058,2024-07-31,2,10.0,20.0
1742,1058,2024-07-25,1,12.0,12.0
1743,1058,2024-08-04,3,15.0,45.0
1744,1058,2024-08-03,1,10.0,10.0
1745,1058,2024-07-23,2,12.0,24.0
1746,1058,2024-07-27,2,18.0,36.0
1747,1058,2024-07-18,3,10.0,30.0
1748,1058,2024-08-03,3,15.0,45.0
1749,1058,2024-07-25,4,10.0,40.0
1750,1058,2024-07-23,1,15.0,15.0
1751,1058,2024-07-21,2,10.0,20.0
1752,1058,2024-07-28,3,20.0,60.0
1753,1058,2024-07-23,2,12.0,24.0
1754,1058,2024-07-17,1,10.0,10.0
1755,1058,2024-07-18,1,18.0,18.0
1756,1058,2024-07-17,3,18.0,54.0
1757,1058,2024-07-17,3,15.0,45.0
1758,1058,2024-07-20,3,12.0,36.0
1759,1058,2024-07-17,4,20.0,80.0
1760,1058,2024-07-21,4,12.0,48.0
1761,1058,2024-07-17,2,15.0,30.0
1762,1058,2024-07-30,1,10.0,10.0
1763,1058,2024-08-05,4,10.0,40.0
1764,1058,2024-07-30,4,18.0,72.0
1765,1058,2024-08-04,3,15.0,45.0
1766,1058,2024-07-19,2,10.0,20.0
1767,1058,2024-07-30,3,15.0,45.0
1768,1058,2024-08-03,3,15.0,45.0
1769,1058,2024-07-20,3,10.0,30.0
1770,1058,2024-08-02,3,15.0,45.0
1771,1058,2024-07-24,1,12.0,12.0
1772,1058,2024-07-30,3,15.0,45.0
1773,1058,2024-07-21,4,10.0,40.0
1774,1058,2024-08-01,4,12.0,48.0
1775,1058,2024-07-22,3,18.0,54.0
1776,1058,2024-07-23,1,20.0,20.0
1777,1058,2024-07-27,3,20.0,60.0
1778,1058,2024-07-19,1,12.0,12.0
1779,1058,2024-07-18,3,15.0,45.0
1780,1058,2024-08-03,2,15.0,30.0
1781,1058,2024-08-05,3,18.0,54.0
1782,1058,2024-07-19,2,20.0,40.0
1783,1058,2024-07-17,4,12.0,48.0
1784,1058,2024-07-17,1,15.0,15.0
1785,1059,2024-08-13,3,18.0,54.0
1786,1059,2024-08-12,4,12.0,48.0
1787,1059,2024-08-03,4,15.0,60.0
1788,1059,2024-08-08,3,12.0,36.0
1789,1059,2024-08-11,3,10.0,30.0
1790,1059,2024-08-08,1,18.0,18.0
1791,1059,2024-07-29,1,18.0,18.0
1792,1059,2024-07-29,2,12.0,24.0
1793,1059,2024-08-04,4,20.0,80.0
1794,1059,2024-08-05,3,12.0,36.0
1795,1059,2024-08-11,2,12.0,24.0
1796,1059,2024-08-13,4,18.0,72.0
1797,1059,2024-07-29,1,10.0,10.0
1798,1059,2024-08-05,1,20.0,20.0
1799,1059,2024-08-12,3,18.0,54.0
1800,1059,2024-08-13,1,20.0,20.0
1801,1059,2024-08-05,1,20.0,20.0
1802,1059,2024-08-05,2,15.0,30.0
1803,1059,2024-08-08,2,15.0,30.0
1804,1059,2024-08-06,3,18.0,54.0
1805,1059,2024-08-11,3,12.0,36.0
1806,1059,2024-08-09,3,10.0,30.0
1807,1059,2024-08-14,1,12.0,12.0
1808,1059,2024-07-28,3,20.0,60.0
1809,1059,2024-08-04,3,12.0,36.0
1810,1059,2024-08-05,2,12.0,24.0
1811,1059,2024-08-12,3,20.0,60.0
1812,1059,2024-08-04,4,10.0,40.0
1813,1059,2024-08-10,1,18.0,18.0
1814,1059,2024-08-13,1,18.0,18.0
1815,1060,2024-08-15,4,18.0,72.0
1816,1060,2024-08-12,4,20.0,80.0
1817,1060,2024-08-06,3,15.0,45.0
1818,1060,2024-08-11,1,18.0,18.0
1819,1060,2024-07-30,2,10.0,20.0
1820,1060,2024-08-03,1,18.0,18.0
1821,1060,2024-08-08,4,18.0,72.0
1822,1060,2024-08-10,2,12.0,24.0
1823,1060,2024-07-29,3,15.0,45.0
1824,1060,2024-08-05,2,15.0,30.0
1825,1060,2024-08-07,4,18.0,72.0
1826,1060,2024-08-17,1,18.0,18.0
1827,1060,2024-08-14,3,18.0,54.0
1828,1061,2024-08-08,3,15.0,45.0
1829,1061,2024-07-25,2,20.0,40.0
1830,1061,2024-08-10,4,10.0,40.0
1831,1061,2024-08-03,1,15.0,15.0
1832,1061,2024-07-27,4,18.0,72.0
1833,1061,2024-07-26,4,12.0,48.0
1834,1061,2024-07-25,2,20.0,40.0
1835,1061,2024-08-08,4,18.0,72.0
1836,1061,2024-08-11,3,12.0,36.0
1837,1061,2024-07-26,4,18.0,72.0
1838,1061,2024-07-26,3,20.0,60.0
1839,1061,2024-08-06,2,10.0,20.0
1840,1061,2024-07-26,4,10.0,40.0
1841,1061,2024-07-26,4,15.0,60.0
1842,1061,2024-07-27,1,18.0,18.0
1843,1061,2024-08-08,3,18.0,54.0
1844,1061,2024-08-11,1,20.0,20.0
1845,1061,2024-08-01,3,18.0,54.0
1846,1061,2024-08-12,1,12.0,12.0
1847,1061,2024-08-09,1,12.0,12.0
1848,1061,2024-08-09,4,20.0,80.0
1849,1061,2024-08-04,4,20.0,80.0
1850,1061,2024-07-26,4,12.0,48.0
1851,1061,2024-08-07,3,15.0,45.0
1852,1061,2024-07-26,3,18.0,54.0
1853,1061,2024-08-02,1,20.0,20.0
1854,1061,2024-08-13,4,12.0,48.0
1855,1061,2024-08-04,1,15.0,15.0
1856,1061,2024-07-27,1,10.0,10.0
1857,1061,2024-07-27,3,10.0,30.0
1858,1061,2024-08-04,1,12.0,12.0
1859,1061,2024-07-31,4,15.0,60.0
1860,1061,2024-08-01,4,18.0,72.0
1861,1061,2024-07-31,2,12.0,24.0
1862,1061,2024-07-29,2,12.0,24.0
1863,1061,2024-07-27,4,15.0,60.0
1864,1061,2024-07-31,2,15.0,30.0
1865,1061,2024-08-09,2,10.0,20.0
1866,1061,2024-08-11,1,12.0,12.0
1867,1062,2024-08-15,2,10.0,20.0
1868,1062,2024-08-24,4,18.0,72.0
1869,1062,2024-08-09,4,20.0,80.0
1870,1062,2024-08-23,4,20.0,80.0
1871,1062,2024-08-15,4,18.0,72.0
1872,1062,2024-08-17,2,12.0,24.0
1873,1062,2024-08-15,1,20.0,20.0
1874,1062,2024-08-13,2,20.0,40.0
1875,1062,2024-08-20,4,20.0,80.0
1876,1062,2024-08-10,3,10.0,30.0
1877,1062,2024-08-27,4,15.0,60.0
1878,1062,2024-08-25,4,10.0,40.0
1879,1062,2024-08-24,3,18.0,54.0
1880,1062,2024-08-12,1,20.0,20.0
1881,1062,2024-08-09,1,12.0,12.0
1882,1062,2024-08-13,1,20.0,20.0
1883,1062,2024-08-10,3,20.0,60.0
1884,1062,2024-08-27,3,20.0,60.0
1885,1062,2024-08-28,4,18.0,72.0
1886,1062,2024-08-12,4,20.0,80.0
1887,1062,2024-08-18,4,15.0,60.0
1888,1062,2024-08-19,3,12.0,36.0
1889,1062,2024-08-27,3,20.0,60.0
1890,1062,2024-08-20,1,18.0,18.0
1891,1062,2024-08-10,2,20.0,40.0
1892,1062,2024-08-27,3,20.0,60.0
1893,1062,2024-08-28,3,18.0,54.0
1894,1062,2024-08-26,2,20.0,40.0
1895,1062,2024-08-26,3,15.0,45.0
1896,1062,2024-08-24,3,15.0,45.0
1897,1062,2024-08-20,1,10.0,10.0
1898,1062,2024-08-09,2,20.0,40.0
1899,1062,2024-08-24,4,15.0,60.0
1900,1062,2024-08-23,3,12.0,36.0
1901,1062,2024-08-13,2,20.0,40.0
1902,1062,2024-08-27,3,10.0,30.0
1903,1062,2024-08-24,2,18.0,36.0
1904,1062,2024-08-15,4,12.0,48.0
1905,1062,2024-08-14,2,12.0,24.0
1906,1062,2024-08-10,3,10.0,30.0
1907,1062,2024-08-20,1,10.0,10.0
1908,1063,2024-07-29,4,18.0,72.0
1909,1063,2024-08-03,4,20.0,80.0
1910,1063,2024-08-05,4,18.0,72.0
1911,1063,2024-07-28,3,12.0,36.0
1912,1063,2024-07-27,4,10.0,40.0
1913,1063,2024-08-03,4,18.0,72.0
1914,1063,2024-08-02,1,10.0,10.0
1915,1063,2024-07-26,3,18.0,54.0
1916,1063,2024-07-24,3,15.0,45.0
1917,1063,2024-08-04,3,10.0,30.0
1918,1063,2024-08-04,4,18.0,72.0
1919,1063,2024-08-05,2,20.0,40.0
1920,1063,2024-08-02,2,15.0,30.0
1921,1063,2024-07-26,1,10.0,10.0
1922,1063,2024-08-10,1,18.0,18.0
1923,1063,2024-08-09,1,18.0,18.0
1924,1063,2024-08-01,2,15.0,30.0
1925,1063,2024-08-04,2,10.0,20.0
1926,1063,2024-08-12,1,10.0,10.0
1927,1063,2024-07-24,2,20.0,40.0
1928,1064,2024-08-19,1,10.0,10.0
1929,1064,2024-08-03,2,18.0,36.0
1930,1064,2024-08-04,2,10.0,20.0
1931,1064,2024-08-17,3,15.0,45.0
1932,1064,2024-08-08,1,18.0,18.0
1933,1064,2024-08-14,4,15.0,60.0
1934,1064,2024-08-14,2,10.0,20.0
1935,1064,2024-08-14,1,18.0,18.0
1936,1064,2024-08-10,3,10.0,30.0
1937,1064,2024-08-14,3,12.0,36.0
1938,1064,2024-08-08,1,18.0,18.0
1939,1064,2024-08-16,4,12.0,48.0
1940,1064,2024-08-07,1,12.0,12.0
1941,1064,2024-08-05,4,12.0,48.0
1942,1064,2024-08-03,1,18.0,18.0
1943,1064,2024-08-14,1,10.0,10.0
1944,1064,2024-08-20,1,20.0,20.0
1945,1064,2024-08-14,4,10.0,40.0
1946,1064,2024-08-07,2,10.0,20.0
1947,1064,2024-08-21,4,15.0,60.0
1948,1064,2024-08-18,3,18.0,54.0
1949,1064,2024-08-04,1,20.0,20.0
1950,1064,2024-08-07,4,18.0,72.0
1951,1064,2024-08-10,1,20.0,20.0
1952,1064,2024-08-15,1,18.0,18.0
1953,1064,2024-08-07,1,20.0,20.0
1954,1064,2024-08-05,3,15.0,45.0
1955,1064,2024-08-13,4,10.0,40.0
1956,1064,2024-08-20,3,20.0,60.0
1957,1064,2024-08-12,1,18.0,18.0
1958,1064,2024-08-13,2,12.0,24.0
1959,1064,2024-08-05,1,18.0,18.0
1960,1064,2024-08-16,3,18.0,54.0
1961,1064,2024-08-19,3,18.0,54.0
1962,1064,2024-08-20,4,12.0,48.0
1963,1064,2024-08-18,1,12.0,12.0
1964,1064,2024-08-22,2,18.0,36.0
1965,1064,2024-08-10,1,20.0,20.0
1966,1064,2024-08-13,4,20.0,80.0
1967,1064,2024-08-08,1,10.0,10.0
1968,1064,2024-08-12,1,15.0,15.0
1969,1064,2024-08-21,4,10.0,40.0
1970,1064,2024-08-16,4,20.0,80.0
1971,1064,2024-08-18,2,10.0,20.0
1972,1064,2024-08-21,2,18.0,36.0
1973,1064,2024-08-22,4,20.0,80.0
1974,1064,2024-08-21,2,12.0,24.0
1975,1064,2024-08-22,2,10.0,20.0
1976,1064,2024-08-13,1,18.0,18.0
1977,1064,2024-08-03,2,20.0,40.0
1978,1065,2024-08-06,1,18.0,18.0
1979,1065,2024-07-21,2,10.0,20.0
1980,1065,2024-08-03,4,15.0,60.0
1981,1065,2024-07-28,3,10.0,30.0
1982,1065,2024-07-22,2,15.0,30.0
1983,1065,2024-08-03,1,20.0,20.0
1984,1065,2024-08-04,3,10.0,30.0
1985,1065,2024-08-06,3,12.0,36.0
1986,1065,2024-07-27,2,15.0,30.0
1987,1065,2024-07-23,2,18.0,36.0
1988,1065,2024-08-02,1,12.0,12.0
1989,1065,2024-08-06,4,12.0,48.0
1990,1065,2024-08-09,4,10.0,40.0
1991,1065,2024-08-09,1,12.0,12.0
1992,1066,2024-07-30,3,18.0,54.0
1993,1066,2024-08-02,2,12.0,24.0
1994,1066,2024-08-13,3,20.0,60.0
1995,1066,2024-08-03,4,12.0,48.0
1996,1066,2024-08-12,1,20.0,20.0
1997,1066,2024-08-12,4,20.0,80.0
1998,1066,2024-08-15,3,15.0,45.0
1999,1066,2024-08-04,1,20.0,20.0
2000,1066,2024-08-10,2,10.0,20.0
2001,1066,2024-08-01,1,20.0,20.0
2002,1066,2024-08-06,2,18.0,36.0
2003,1066,2024-08-11,3,10.0,30.0
2004,1066,2024-08-11,1,12.0,12.0
2005,1066,2024-08-02,4,12.0,48.0
2006,1066,2024-08-12,1,10.0,10.0
2007,1067,2024-08-09,2,18.0,36.0
2008,1067,2024-08-10,3,20.0,60.0
2009,1067,2024-08-04,1,10.0,10.0
2010,1067,2024-08-17,2,12.0,24.0
2011,1067,2024-08-18,4,20.0,80.0
2012,1067,2024-08-15,1,12.0,12.0
2013,1067,2024-08-04,3,18.0,54.0
2014,1067,2024-08-12,3,12.0,36.0
2015,1067,2024-08-15,3,12.0,36.0
2016,1067,2024-08-15,2,18.0,36.0
2017,1067,2024-08-12,4,12.0,48.0
2018,1067,2024-08-16,4,20.0,80.0
2019,1067,2024-08-03,1,18.0,18.0
2020,1067,2024-08-14,2,20.0,40.0
2021,1067,2024-08-04,2,18.0,36.0
2022,1067,2024-08-07,2,18.0,36.0
2023,1067,2024-08-12,3,15.0,45.0
2024,1067,2024-08-12,3,12.0,36.0
2025,1067,2024-08-17,1,15.0,15.0
2026,1067,2024-08-14,1,18.0,18.0
2027,1067,2024-08-04,4,12.0,48.0
2028,1067,2024-08-08,2,15.0,30.0
2029,1067,2024-07-30,2,20.0,40.0
2030,1067,2024-08-13,2,10.0,20.0
2031,1067,2024-08-05,4,12.0,48.0
2032,1067,2024-07-31,4,18.0,72.0
2033,1067,2024-08-10,1,18.0,18.0
2034,1067,2024-08-11,2,15.0,30.0
2035,1067,2024-08-05,2,20.0,40.0
2036,1067,2024-08-14,1,18.0,18.0
2037,1067,2024-08-17,1,18.0,18.0
2038,1067,2024-08-02,1,18.0,18.0
2039,1067,2024-08-02,4,18.0,72.0
2040,1068,2024-07-18,4,12.0,48.0
2041,1068,2024-07-30,1,18.0,18.0
2042,1068,2024-07-26,2,15.0,30.0
2043,1068,2024-07-23,2,10.0,20.0
2044,1068,2024-08-01,4,15.0,60.0
2045,1068,2024-07-27,4,20.0,80.0
2046,1068,2024-07-14,1,18.0,18.0
2047,1068,2024-07-18,2,18.0,36.0
2048,1068,2024-07-27,3,18.0,54.0
2049,1068,2024-08-01,1,18.0,18.0
2050,1068,2024-07-22,1,15.0,15.0
2051,1068,2024-07-19,3,20.0,60.0
2052,1068,2024-07-15,2,10.0,20.0
2053,1068,2024-07-13,3,10.0,30.0
2054,1068,2024-07-16,3,10.0,30.0
2055,1068,2024-07-29,4,15.0,60.0
2056,1069,2024-07-31,1,15.0,15.0
2057,1069,2024-08-08,2,20.0,40.0
2058,1069,2024-08-17,2,12.0,24.0
2059,1069,2024-08-09,2,20.0,40.0
2060,1069,2024-08-16,4,20.0,80.0
2061,1069,2024-08-13,2,15.0,30.0
2062,1069,2024-08-08,3,20.0,60.0
2063,1069,2024-08-06,3,10.0,30.0
2064,1069,2024-08-17,3,15.0,45.0
2065,1069,2024-08-05,4,20.0,80.0
2066,1069,2024-08-03,1,18.0,18.0
2067,1069,2024-08-02,3,18.0,54.0
2068,1069,2024-07-31,3,10.0,30.0
2069,1069,2024-08-13,4,10.0,40.0
2070,1069,2024-08-17,4,12.0,48.0
2071,1069,2024-08-10,1,10.0,10.0
2072,1069,2024-08-14,3,10.0,30.0
2073,1069,2024-08-15,4,12.0,48.0
2074,1069,2024-08-13,1,15.0,15.0
2075,1069,2024-08-06,2,18.0,36.0
2076,1069,2024-08-08,4,18.0,72.0
2077,1069,2024-08-19,3,12.0,36.0
2078,1069,2024-08-17,1,12.0,12.0
2079,1069,2024-08-03,3,18.0,54.0
2080,1069,2024-08-01,3,15.0,45.0
2081,1069,2024-08-04,4,18.0,72.0
2082,1069,2024-08-10,2,15.0,30.0
2083,1069,2024-08-14,3,12.0,36.0
2084,1069,2024-08-04,3,15.0,45.0
2085,1069,2024-08-18,2,15.0,30.0
2086,1069,2024-08-10,4,12.0,48.0
2087,1069,2024-07-31,2,20.0,40.0
2088,1069,2024-08-10,2,12.0,24.0
2089,1069,2024-08-15,2,12.0,24.0
2090,1069,2024-08-16,1,15.0,15.0
2091,1069,2024-08-01,2,18.0,36.0
2092,1069,2024-08-11,3,12.0,36.0
2093,1069,2024-08-13,1,15.0,15.0
2094,1069,2024-08-08,2,15.0,30.0
2095,1070,2024-08-13,2,20.0,40.0
2096,1070,2024-08-21,1,10.0,10.0
2097,1070,2024-08-18,4,12.0,48.0
2098,1070,2024-08-16,3,12.0,36.0
2099,1070,2024-08-30,3,15.0,45.0
2100,1070,2024-08-15,3,20.0,60.0
2101,1070,2024-08-26,4,15.0,60.0
2102,1070,2024-08-27,4,10.0,40.0
2103,1070,2024-08-26,1,15.0,15.0
2104,1070,2024-08-30,4,20.0,80.0
2105,1070,2024-08-23,4,15.0,60.0
2106,1070,2024-08-28,3,10.0,30.0
2107,1070,2024-08-11,2,20.0,40.0
2108,1070,2024-08-14,2,15.0,30.0
2109,1070,2024-08-24,1,10.0,10.0
2110,1070,2024-08-13,4,10.0,40.0
2111,1070,2024-08-14,4,12.0,48.0
2112,1070,2024-08-15,3,20.0,60.0
2113,1070,2024-08-11,1,15.0,15.0
2114,1070,2024-08-18,2,18.0,36.0
2115,1070,2024-08-19,4,15.0,60.0
2116,1070,2024-08-30,3,15.0,45.0
2117,1070,2024-08-19,3,18.0,54.0
2118,1070,2024-08-13,1,12.0,12.0
2119,1070,2024-08-16,4,18.0,72.0
2120,1070,2024-08-21,2,18.0,36.0
2121,1070,2024-08-17,2,20.0,40.0
2122,1070,2024-08-11,1,12.0,12.0
2123,1070,2024-08-24,3,18.0,54.0
2124,1070,2024-08-14,3,10.0,30.0
2125,1070,2024-08-12,4,10.0,40.0
2126,1070,2024-08-30,4,15.0,60.0
2127,1070,2024-08-17,2,20.0,40.0
2128,1070,2024-08-16,2,12.0,24.0
2129,1070,2024-08-25,4,15.0,60.0
2130,1070,2024-08-13,4,10.0,40.0
2131,1070,2024-08-21,3,18.0,54.0
2132,1070,2024-08-13,4,12.0,48.0
2133,1071,2024-08-01,2,15.0,30.0
2134,1071,2024-07-23,4,10.0,40.0
2135,1071,2024-07-23,4,12.0,48.0
2136,1071,2024-07-17,2,10.0,20.0
2137,1071,2024-07-29,3,18.0,54.0
2138,1071,2024-07-30,3,20.0,60.0
2139,1071,2024-07-17,4,15.0,60.0
2140,1071,2024-07-17,1,15.0,15.0
2141,1071,2024-07-16,1,15.0,15.0
2142,1071,2024-07-27,1,12.0,12.0
2143,1071,2024-07-22,4,12.0,48.0
2144,1072,2024-08-13,1,15.0,15.0
2145,1072,2024-08-07,4,15.0,60.0
2146,1072,2024-08-17,3,15.0,45.0
2147,1072,2024-08-02,1,20.0,20.0
2148,1072,2024-08-12,2,10.0,20.0
2149,1072,2024-07-30,2,20.0,40.0
2150,1072,2024-08-08,3,15.0,45.0
2151,1072,2024-08-10,3,10.0,30.0
2152,1072,2024-08-01,3,12.0,36.0
2153,1072,2024-08-18,2,20.0,40.0
2154,1072,2024-08-09,3,18.0,54.0
2155,1072,2024-08-05,3,12.0,36.0
2156,1072,2024-08-15,2,12.0,24.0
2157,1072,2024-08-02,2,12.0,24.0
2158,1072,2024-08-01,1,18.0,18.0
2159,1072,2024-08-04,1,10.0,10.0
2160,1072,2024-08-14,1,18.0,18.0
2161,1072,2024-08-07,3,15.0,45.0
2162,1072,2024-08-14,4,20.0,80.0
2163,1072,2024-08-02,3,12.0,36.0
2164,1072,2024-08-09,1,10.0,10.0
2165,1072,2024-08-11,2,12.0,24.0
2166,1072,2024-08-11,3,12.0,36.0
2167,1072,2024-08-12,2,10.0,20.0
2168,1072,2024-08-05,1,10.0,10.0
2169,1072,2024-08-18,4,18.0,72.0
2170,1072,2024-08-17,2,10.0,20.0
2171,1072,2024-08-17,1,18.0,18.0
2172,1072,2024-08-15,3,10.0,30.0
2173,1072,2024-08-16,3,10.0,30.0
2174,1072,2024-08-15,1,20.0,20.0
2175,1072,2024-08-12,2,12.0,24.0
2176,1073,2024-08-06,1,12.0,12.0
2177,1073,2024-07-29,3,15.0,45.0
2178,1073,2024-08-01,2,20.0,40.0
2179,1073,2024-07-19,1,10.0,10.0
2180,1073,2024-07-19,1,20.0,20.0
2181,1073,2024-07-31,2,15.0,30.0
2182,1073,2024-08-01,1,10.0,10.0
2183,1073,2024-07-31,4,15.0,60.0
2184,1073,2024-07-19,2,18.0,36.0
2185,1073,2024-08-03,2,15.0,30.0
2186,1073,2024-07-25,4,12.0,48.0
2187,1073,2024-07-21,2,18.0,36.0
2188,1073,2024-08-03,3,10.0,30.0
2189,1073,2024-07-23,1,20.0,20.0
2190,1073,2024-08-02,4,15.0,60.0
2191,1073,2024-07-28,1,10.0,10.0
2192,1073,2024-07-27,4,10.0,40.0
2193,1073,2024-07-25,3,18.0,54.0
2194,1073,2024-07-18,3,18.0,54.0
2195,1073,2024-07-30,4,15.0,60.0
2196,1073,2024-07-24,2,10.0,20.0
2197,1073,2024-07-22,3,12.0,36.0
2198,1073,2024-08-06,4,10.0,40.0
2199,1073,2024-07-25,4,20.0,80.0
2200,1073,2024-08-04,1,12.0,12.0
2201,1073,2024-07-25,4,20.0,80.0
2202,1073,2024-08-03,2,10.0,20.0
2203,1073,2024-07-26,2,15.0,30.0
2204,1073,2024-07-31,4,10.0,40.0
2205,1073,2024-07-30,4,18.0,72.0
2206,1073,2024-07-29,3,18.0,54.0
2207,1073,2024-07-26,4,20.0,80.0
2208,1074,2024-07-20,3,12.0,36.0
2209,1074,2024-07-21,1,10.0,10.0
2210,1074,2024-07-27,4,18.0,72.0
2211,1074,2024-07-28,2,10.0,20.0
2212,1074,2024-08-01,1,10.0,10.0
2213,1074,2024-07-20,1,12.0,12.0
2214,1074,2024-07-23,3,12.0,36.0
2215,1074,2024-07-26,1,10.0,10.0
2216,1074,2024-07-19,4,18.0,72.0
2217,1074,2024-07-29,3,18.0,54.0
2218,1074,2024-07-20,3,20.0,60.0
2219,1074,2024-07-25,1,10.0,10.0
2220,1074,2024-07-22,1,18.0,18.0
2221,1074,2024-07-21,3,18.0,54.0
2222,1074,2024-07-21,4,10.0,40.0
2223,1074,2024-08-03,2,20.0,40.0
2224,1074,2024-07-26,2,18.0,36.0
2225,1074,2024-07-22,2,15.0,30.0
2226,1074,2024-07-23,4,10.0,40.0
2227,1074,2024-07-17,4,20.0,80.0
2228,1074,2024-07-18,4,18.0,72.0
2229,1074,2024-07-18,2,20.0,40.0
2230,1074,2024-08-03,4,15.0,60.0
2231,1074,2024-07-20,4,20.0,80.0
2232,1074,2024-07-24,3,15.0,45.0
2233,1074,2024-08-03,1,20.0,20.0
2234,1074,2024-08-03,2,15.0,30.0
2235,1074,2024-07-24,1,15.0,15.0
2236,1074,2024-07-23,1,18.0,18.0
2237,1074,2024-07-24,3,18.0,54.0
2238,1074,2024-07-24,1,12.0,12.0
2239,1074,2024-07-28,2,15.0,30.0
2240,1074,2024-07-17,1,10.0,10.0
2241,1074,2024-07-26,1,15.0,15.0
2242,1074,2024-07-30,1,20.0,20.0
2243,1075,2024-08-28,4,18.0,72.0
2244,1075,2024-08-11,4,15.0,60.0
2245,1075,2024-08-29,4,20.0,80.0
2246,1075,2024-08-29,3,18.0,54.0
2247,1075,2024-08-11,4,15.0,60.0
2248,1075,2024-08-11,1,18.0,18.0
2249,1075,2024-08-26,2,15.0,30.0
2250,1075,2024-08-14,3,12.0,36.0
2251,1075,2024-08-10,3,15.0,45.0
2252,1075,2024-08-16,2,18.0,36.0
2253,1075,2024-08-27,2,15.0,30.0
2254,1075,2024-08-21,1,15.0,15.0
2255,1075,2024-08-11,4,12.0,48.0
2256,1075,2024-08-10,1,20.0,20.0
2257,1075,2024-08-26,3,15.0,45.0
2258,1075,2024-08-27,4,18.0,72.0
2259,1075,2024-08-23,3,10.0,30.0
2260,1075,2024-08-20,3,18.0,54.0
2261,1075,2024-08-12,3,12.0,36.0
2262,1075,2024-08-16,4,15.0,60.0
2263,1075,2024-08-10,4,20.0,80.0
2264,1075,2024-08-24,1,20.0,20.0
2265,1075,2024-08-24,4,12.0,48.0
2266,1075,2024-08-15,3,20.0,60.0
2267,1075,2024-08-10,4,20.0,80.0
2268,1075,2024-08-28,2,15.0,30.0
2269,1075,2024-08-15,2,12.0,24.0
2270,1075,2024-08-25,3,18.0,54.0
2271,1075,2024-08-16,3,10.0,30.0
2272,1075,2024-08-23,4,15.0,60.0
2273,1076,2024-08-13,3,20.0,60.0
2274,1076,2024-08-11,4,12.0,48.0
2275,1076,2024-08-15,2,12.0,24.0
2276,1076,2024-08-18,2,15.0,30.0
2277,1076,2024-08-04,4,20.0,80.0
2278,1076,2024-08-05,4,10.0,40.0
2279,1076,2024-08-12,2,15.0,30.0
2280,1076,2024-08-14,1,15.0,15.0
2281,1076,2024-08-10,2,10.0,20.0
2282,1076,2024-08-03,1,10.0,10.0
2283,1076,2024-08-16,3,20.0,60.0
2284,1076,2024-08-09,1,18.0,18.0
2285,1076,2024-08-07,1,18.0,18.0
2286,1076,2024-08-14,2,10.0,20.0
2287,1076,2024-07-31,1,20.0,20.0
2288,1076,2024-07-31,3,18.0,54.0
2289,1076,2024-08-16,2,20.0,40.0
2290,1076,2024-08-15,3,15.0,45.0
2291,1076,2024-07-31,4,12.0,48.0
2292,1076,2024-08-05,2,12.0,24.0
2293,1076,2024-08-15,2,12.0,24.0
2294,1076,2024-08-10,4,18.0,72.0
2295,1076,2024-08-10,1,18.0,18.0
2296,1076,2024-08-01,3,10.0,30.0
2297,1076,2024-08-08,4,18.0,72.0
2298,1076,2024-08-11,3,12.0,36.0
2299,1076,2024-08-07,4,15.0,60.0
2300,1076,2024-08-09,1,20.0,20.0
2301,1077,2024-08-15,2,15.0,30.0
2302,1077,2024-07-30,4,15.0,60.0
2303,1077,2024-08-05,1,20.0,20.0
2304,1077,2024-08-09,4,18.0,72.0
2305,1077,2024-08-16,4,15.0,60.0
2306,1077,2024-08-07,1,12.0,12.0
2307,1077,2024-08-07,2,12.0,24.0
2308,1077,2024-08-02,3,18.0,54.0
2309,1077,2024-08-15,3,10.0,30.0
2310,1077,2024-08-01,4,18.0,72.0
2311,1077,2024-08-06,4,10.0,40.0
2312,1077,2024-08-11,3,20.0,60.0
2313,1078,2024-08-17,4,20.0,80.0
2314,1078,2024-08-11,3,18.0,54.0
2315,1078,2024-08-28,1,12.0,12.0
2316,1078,2024-08-14,2,10.0,20.0
2317,1078,2024-08-16,2,15.0,30.0
2318,1078,2024-08-18,1,10.0,10.0
2319,1078,2024-08-23,2,20.0,40.0
2320,1078,2024-08-24,4,15.0,60.0
2321,1078,2024-08-14,4,12.0,48.0
2322,1078,2024-08-20,2,20.0,40.0
2323,1078,2024-08-18,3,12.0,36.0
2324,1078,2024-08-26,4,15.0,60.0
2325,1078,2024-08-23,4,18.0,72.0
2326,1078,2024-08-10,2,10.0,20.0
2327,1079,2024-07-28,2,10.0,20.0
2328,1079,2024-07-31,2,15.0,30.0
2329,1079,2024-08-09,1,18.0,18.0
2330,1079,2024-07-26,4,20.0,80.0
2331,1079,2024-08-06,2,10.0,20.0
2332,1079,2024-08-03,2,20.0,40.0
2333,1079,2024-08-11,1,20.0,20.0
2334,1079,2024-08-01,4,18.0,72.0
2335,1079,2024-08-11,2,12.0,24.0
2336,1079,2024-08-08,3,15.0,45.0
2337,1079,2024-07-30,4,12.0,48.0
2338,1080,2024-08-10,2,15.0,30.0
2339,1080,2024-08-10,4,12.0,48.0
2340,1080,2024-08-03,2,10.0,20.0
2341,1080,2024-08-07,3,12.0,36.0
2342,1080,2024-07-28,4,12.0,48.0
2343,1080,2024-08-05,4,10.0,40.0
2344,1080,2024-08-16,4,12.0,48.0
2345,1080,2024-08-06,4,12.0,48.0
2346,1080,2024-08-04,4,20.0,80.0
2347,1080,2024-08-08,1,10.0,10.0
2348,1080,2024-07-30,1,10.0,10.0
2349,1080,2024-08-06,2,18.0,36.0
2350,1080,2024-08-05,1,10.0,10.0
2351,1080,2024-08-08,4,15.0,60.0
2352,1080,2024-08-04,3,12.0,36.0
2353,1080,2024-07-30,1,20.0,20.0
2354,1080,2024-08-11,3,12.0,36.0
2355,1080,2024-07-31,4,15.0,60.0
2356,1080,2024-08-02,2,10.0,20.0
2357,1080,2024-08-06,4,12.0,48.0
2358,1080,2024-08-08,1,15.0,15.0
2359,1080,2024-08-15,2,18.0,36.0
2360,1080,2024-08-08,3,18.0,54.0
2361,1080,2024-08-07,3,20.0,60.0
2362,1080,2024-08-08,3,18.0,54.0
2363,1080,2024-08-11,3,18.0,54.0
2364,1080,2024-08-12,4,10.0,40.0
2365,1080,2024-08-10,2,10.0,20.0
2366,1080,2024-08-09,2,10.0,20.0
2367,1080,2024-08-01,3,12.0,36.0
2368,1080,2024-08-02,4,10.0,40.0
2369,1080,2024-08-01,1,18.0,18.0
2370,1080,2024-08-05,4,18.0,72.0
2371,1080,2024-08-01,1,12.0,12.0
2372,1080,2024-08-13,3,10.0,30.0
2373,1080,2024-08-10,3,12.0,36.0
2374,1080,2024-08-11,3,20.0,60.0
2375,1081,2024-07-28,1,20.0,20.0
2376,1081,2024-07-16,2,18.0,36.0
2377,1081,2024-08-01,2,18.0,36.0
2378,1081,2024-07-31,3,10.0,30.0
2379,1081,2024-07-25,1,18.0,18.0
2380,1081,2024-07-23,1,15.0,15.0
2381,1081,2024-07-30,1,10.0,10.0
2382,1081,2024-07-20,4,18.0,72.0
2383,1081,2024-07-26,1,15.0,15.0
2384,1081,2024-08-02,4,15.0,60.0
2385,1081,2024-07-16,2,12.0,24.0
2386,1081,2024-08-02,3,15.0,45.0
2387,1081,2024-08-02,1,20.0,20.0
2388,1081,2024-07-15,4,10.0,40.0
2389,1081,2024-07-22,3,12.0,36.0
2390,1081,2024-07-27,4,10.0,40.0
2391,1081,2024-08-03,2,12.0,24.0
2392,1081,2024-07-22,4,15.0,60.0
2393,1081,2024-07-30,1,15.0,15.0
2394,1081,2024-07-19,4,15.0,60.0
2395,1081,2024-07-15,2,15.0,30.0
2396,1081,2024-07-31,3,20.0,60.0
2397,1081,2024-07-28,4,18.0,72.0
2398,1081,2024-07-22,4,15.0,60.0
2399,1081,2024-07-16,4,10.0,40.0
2400,1081,2024-07-21,3,20.0,60.0
2401,1081,2024-07-29,4,18.0,72.0
2402,1081,2024-08-01,1,20.0,20.0
2403,1081,2024-07-24,4,12.0,48.0
2404,1081,2024-07-30,4,20.0,80.0
2405,1081,2024-07-18,1,15.0,15.0
2406,1081,2024-07-20,4,10.0,40.0
2407,1081,2024-07-19,3,12.0,36.0
2408,1081,2024-07-30,3,12.0,36.0
2409,1081,2024-07-18,4,15.0,60.0
2410,1081,2024-07-16,1,20.0,20.0
2411,1081,2024-08-01,1,20.0,20.0
2412,1081,2024-07-31,4,18.0,72.0
2413,1081,2024-07-31,4,20.0,80.0
2414,1081,2024-07-26,3,15.0,45.0
2415,1081,2024-07-16,1,20.0,20.0
2416,1081,2024-08-03,1,18.0,18.0
2417,1081,2024-07-29,2,18.0,36.0
2418,1081,2024-08-02,1,18.0,18.0
2419,1081,2024-07-25,3,20.0,60.0
2420,1081,2024-07-20,4,20.0,80.0
2421,1081,2024-07-26,3,12.0,36.0
2422,1082,2024-08-18,1,20.0,20.0
2423,1082,2024-08-15,1,18.0,18.0
2424,1082,2024-08-06,1,10.0,10.0
2425,1082,2024-08-11,1,10.0,10.0
2426,1082,2024-08-18,4,18.0,72.0
2427,1082,2024-08-11,4,15.0,60.0
2428,1082,2024-08-04,3,18.0,54.0
2429,1082,2024-08-14,1,12.0,12.0
2430,1082,2024-08-19,1,12.0,12.0
2431,1082,2024-08-20,1,12.0,12.0
2432,1082,2024-08-23,2,18.0,36.0
2433,1082,2024-08-19,2,18.0,36.0
2434,1082,2024-08-06,2,10.0,20.0
2435,1082,2024-08-14,4,12.0,48.0
2436,1082,2024-08-08,4,10.0,40.0
2437,1082,2024-08-20,2,12.0,24.0
2438,1082,2024-08-09,4,18.0,72.0
2439,1082,2024-08-23,4,20.0,80.0
2440,1082,2024-08-16,2,15.0,30.0
2441,1082,2024-08-05,4,10.0,40.0
2442,1082,2024-08-13,1,10.0,10.0
2443,1082,2024-08-10,4,18.0,72.0
2444,1082,2024-08-05,3,10.0,30.0
2445,1083,2024-08-07,4,20.0,80.0
2446,1083,2024-08-01,4,12.0,48.0
2447,1083,2024-08-18,1,18.0,18.0
2448,1083,2024-08-01,3,20.0,60.0
2449,1083,2024-08-17,3,18.0,54.0
2450,1083,2024-08-04,1,18.0,18.0
2451,1083,2024-07-31,3,18.0,54.0
2452,1083,2024-08-06,1,12.0,12.0
2453,1083,2024-08-10,2,18.0,36.0
2454,1083,2024-08-08,4,12.0,48.0
2455,1083,2024-08-03,2,20.0,40.0
2456,1083,2024-08-09,4,12.0,48.0
2457,1083,2024-08-10,4,18.0,72.0
2458,1083,2024-08-08,4,12.0,48.0
2459,1083,2024-07-31,2,15.0,30.0
2460,1083,2024-08-17,4,12.0,48.0
2461,1083,2024-08-14,2,12.0,24.0
2462,1083,2024-07-31,4,10.0,40.0
2463,1083,2024-08-06,4,15.0,60.0
2464,1083,2024-08-12,2,20.0,40.0
2465,1083,2024-08-18,1,15.0,15.0
2466,1083,2024-08-11,3,12.0,36.0
2467,1083,2024-08-14,1,10.0,10.0
2468,1083,2024-08-09,4,10.0,40.0
2469,1083,2024-07-31,2,10.0,20.0
2470,1083,2024-08-02,2,18.0,36.0
2471,1083,2024-08-11,3,15.0,45.0
2472,1083,2024-08-18,3,12.0,36.0
2473,1083,2024-08-03,1,10.0,10.0
2474,1083,2024-08-05,4,10.0,40.0
2475,1083,2024-08-16,1,20.0,20.0
2476,1083,2024-08-18,1,12.0,12.0
2477,1083,2024-08-16,2,15.0,30.0
2478,1083,2024-08-14,3,18.0,54.0
2479,1083,2024-08-03,4,10.0,40.0
2480,1083,2024-08-15,3,15.0,45.0
2481,1083,2024-08-15,1,12.0,12.0
2482,1083,2024-08-05,4,10.0,40.0
2483,1083,2024-08-12,4,15.0,60.0
2484,1083,2024-08-10,2,10.0,20.0
2485,1083,2024-08-11,3,18.0,54.0
2486,1084,2024-08-13,2,20.0,40.0
2487,1084,2024-08-07,2,12.0,24.0
2488,1084,2024-08-07,4,18.0,72.0
2489,1084,2024-08-06,3,10.0,30.0
2490,1084,2024-08-06,2,10.0,20.0
2491,1084,2024-08-04,1,10.0,10.0
2492,1084,2024-08-10,3,18.0,54.0
2493,1084,2024-08-15,4,10.0,40.0
2494,1084,2024-08-08,1,12.0,12.0
2495,1084,2024-08-02,1,20.0,20.0
2496,1084,2024-08-11,4,18.0,72.0
2497,1084,2024-08-03,3,15.0,45.0
2498,1084,2024-08-09,1,15.0,15.0
2499,1084,2024-08-04,2,18.0,36.0
2500,1084,2024-08-06,2,20.0,40.0
2501,1084,2024-08-01,4,15.0,60.0
2502,1084,2024-08-08,2,15.0,30.0
2503,1084,2024-08-18,1,20.0,20.0
2504,1084,2024-08-10,4,12.0,48.0
2505,1084,2024-08-04,3,12.0,36.0
2506,1084,2024-08-18,3,20.0,60.0
2507,1084,2024-08-10,2,10.0,20.0
2508,1084,2024-08-20,3,12.0,36.0
2509,1084,2024-08-11,4,20.0,80.0
2510,1084,2024-08-17,1,15.0,15.0
2511,1084,2024-08-12,3,10.0,30.0
2512,1084,2024-08-19,1,18.0,18.0
2513,1084,2024-08-11,1,18.0,18.0
2514,1084,2024-08-10,2,20.0,40.0
2515,1084,2024-08-02,2,15.0,30.0
2516,1084,2024-08-11,3,20.0,60.0
2517,1084,2024-08-16,4,20.0,80.0
2518,1084,2024-08-13,1,15.0,15.0
2519,1085,2024-08-10,2,15.0,30.0
2520,1085,2024-08-14,1,12.0,12.0
2521,1085,2024-08-15,4,10.0,40.0
2522,1085,2024-08-26,1,18.0,18.0
2523,1085,2024-08-24,4,12.0,48.0
2524,1085,2024-08-14,1,15.0,15.0
2525,1085,2024-08-12,4,20.0,80.0
2526,1085,2024-08-11,4,15.0,60.0
2527,1085,2024-08-10,4,18.0,72.0
2528,1085,2024-08-14,4,18.0,72.0
2529,1085,2024-08-23,2,20.0,40.0
2530,1085,2024-08-24,4,18.0,72.0
2531,1085,2024-08-24,1,12.0,12.0
2532,1085,2024-08-14,4,10.0,40.0
2533,1085,2024-08-23,3,10.0,30.0
2534,1085,2024-08-09,4,10.0,40.0
2535,1085,2024-08-25,3,20.0,60.0
2536,1085,2024-08-19,1,20.0,20.0
2537,1085,2024-08-24,1,15.0,15.0
2538,1085,2024-08-19,3,15.0,45.0
2539,1085,2024-08-19,4,10.0,40.0
2540,1085,2024-08-24,2,20.0,40.0
2541,1085,2024-08-15,1,15.0,15.0
2542,1085,2024-08-19,2,12.0,24.0
2543,1085,2024-08-13,1,10.0,10.0
2544,1085,2024-08-11,3,10.0,30.0
2545,1085,2024-08-27,4,18.0,72.0
2546,1085,2024-08-10,3,20.0,60.0
2547,1085,2024-08-14,3,18.0,54.0
2548,1085,2024-08-13,2,12.0,24.0
2549,1085,2024-08-12,4,18.0,72.0
2550,1085,2024-08-14,2,15.0,30.0
2551,1085,2024-08-26,4,18.0,72.0
2552,1085,2024-08-21,4,15.0,60.0
2553,1085,2024-08-11,1,18.0,18.0
2554,1085,2024-08-20,1,12.0,12.0
2555,1085,2024-08-28,3,20.0,60.0
2556,1085,2024-08-25,1,12.0,12.0
2557,1085,2024-08-09,1,20.0,20.0
2558,1085,2024-08-12,2,18.0,36.0
2559,1085,2024-08-12,1,10.0,10.0
2560,1085,2024-08-11,2,10.0,20.0
2561,1085,2024-08-20,2,12.0,24.0
2562,1086,2024-08-12,1,20.0,20.0
2563,1086,2024-08-07,3,18.0,54.0
2564,1086,2024-08-08,1,18.0,18.0
2565,1086,2024-08-26,3,18.0,54.0
2566,1086,2024-08-21,4,10.0,40.0
2567,1086,2024-08-10,3,18.0,54.0
2568,1086,2024-08-18,1,10.0,10.0
2569,1086,2024-08-23,2,15.0,30.0
2570,1086,2024-08-22,2,15.0,30.0
2571,1086,2024-08-24,2,15.0,30.0
2572,1086,2024-08-13,2,10.0,20.0
2573,1086,2024-08-07,3,12.0,36.0
2574,1086,2024-08-26,1,15.0,15.0
2575,1086,2024-08-14,1,15.0,15.0
2576,1086,2024-08-22,4,15.0,60.0
2577,1086,2024-08-18,4,10.0,40.0
2578,1086,2024-08-25,2,12.0,24.0
2579,1086,2024-08-07,2,18.0,36.0
2580,1086,2024-08-10,4,10.0,40.0
2581,1086,2024-08-18,1,15.0,15.0
2582,1086,2024-08-12,4,10.0,40.0
2583,1086,2024-08-11,1,18.0,18.0
2584,1086,2024-08-19,1,15.0,15.0
2585,1086,2024-08-09,1,12.0,12.0
2586,1086,2024-08-09,2,15.0,30.0
2587,1086,2024-08-08,4,18.0,72.0
2588,1086,2024-08-24,2,12.0,24.0
2589,1086,2024-08-15,2,12.0,24.0
2590,1086,2024-08-09,4,20.0,80.0
2591,1086,2024-08-12,1,10.0,10.0
2592,1086,2024-08-12,3,12.0,36.0
2593,1086,2024-08-26,1,18.0,18.0
2594,1086,2024-08-18,3,18.0,54.0
2595,1086,2024-08-15,2,20.0,40.0
2596,1086,2024-08-10,3,10.0,30.0
2597,1086,2024-08-21,1,15.0,15.0
2598,1086,2024-08-24,4,10.0,40.0
2599,1086,2024-08-22,3,18.0,54.0
2600,1086,2024-08-20,3,15.0,45.0
2601,1086,2024-08-18,4,15.0,60.0
2602,1086,2024-08-19,3,15.0,45.0
2603,1086,2024-08-20,4,20.0,80.0
2604,1086,2024-08-16,1,12.0,12.0
2605,1086,2024-08-26,4,10.0,40.0
2606,1086,2024-08-26,2,18.0,36.0
2607,1086,2024-08-09,4,18.0,72.0
2608,1086,2024-08-09,1,10.0,10.0
2609,1087,2024-08-24,4,10.0,40.0
2610,1087,2024-08-13,4,20.0,80.0
2611,1087,2024-08-13,4,12.0,48.0
2612,1087,2024-08-24,1,18.0,18.0
2613,1087,2024-08-13,2,18.0,36.0
2614,1087,2024-08-24,2,10.0,20.0
2615,1087,2024-08-16,3,12.0,36.0
2616,1087,2024-08-22,3,12.0,36.0
2617,1087,2024-08-17,4,15.0,60.0
2618,1087,2024-08-23,3,18.0,54.0
2619,1087,2024-08-05,2,10.0,20.0
2620,1087,2024-08-18,4,10.0,40.0
2621,1087,2024-08-16,4,12.0,48.0
2622,1087,2024-08-07,2,20.0,40.0
2623,1087,2024-08-05,2,10.0,20.0
2624,1087,2024-08-06,2,10.0,20.0
2625,1087,2024-08-20,3,20.0,60.0
2626,1087,2024-08-17,3,12.0,36.0
2627,1087,2024-08-24,3,20.0,60.0
2628,1087,2024-08-10,1,18.0,18.0
2629,1087,2024-08-23,3,18.0,54.0
2630,1087,2024-08-11,3,10.0,30.0
2631,1087,2024-08-08,4,18.0,72.0
2632,1087,2024-08-13,1,12.0,12.0
2633,1087,2024-08-23,3,18.0,54.0
2634,1087,2024-08-07,4,15.0,60.0
2635,1087,2024-08-24,4,12.0,48.0
2636,1087,2024-08-14,1,20.0,20.0
2637,1087,2024-08-24,2,18.0,36.0
2638,1087,2024-08-22,2,12.0,24.0
2639,1087,2024-08-19,3,15.0,45.0
2640,1087,2024-08-22,1,10.0,10.0
2641,1087,2024-08-09,4,10.0,40.0
2642,1087,2024-08-06,3,15.0,45.0
2643,1087,2024-08-17,1,18.0,18.0
2644,1087,2024-08-17,3,10.0,30.0
2645,1087,2024-08-14,2,10.0,20.0
2646,1087,2024-08-05,4,10.0,40.0
2647,1087,2024-08-10,1,10.0,10.0
2648,1087,2024-08-23,1,18.0,18.0
2649,1087,2024-08-14,1,12.0,12.0
2650,1087,2024-08-23,4,10.0,40.0
2651,1087,2024-08-15,4,10.0,40.0
2652,1087,2024-08-21,1,20.0,20.0
2653,1088,2024-08-05,4,18.0,72.0
2654,1088,2024-08-11,4,12.0,48.0
2655,1088,2024-07-26,1,18.0,18.0
2656,1088,2024-08-02,4,18.0,72.0
2657,1088,2024-07-26,1,15.0,15.0
2658,1088,2024-08-14,4,20.0,80.0
2659,1088,2024-08-04,2,10.0,20.0
2660,1088,2024-08-11,1,20.0,20.0
2661,1088,2024-08-12,2,20.0,40.0
2662,1088,2024-08-10,3,15.0,45.0
2663,1088,2024-08-01,4,20.0,80.0
2664,1088,2024-07-31,2,12.0,24.0
2665,1088,2024-08-10,1,10.0,10.0
2666,1089,2024-07-25,4,20.0,80.0
2667,1089,2024-07-23,3,20.0,60.0
2668,1089,2024-07-17,2,12.0,24.0
2669,1089,2024-07-19,3,20.0,60.0
2670,1089,2024-07-24,3,15.0,45.0
2671,1089,2024-08-03,2,10.0,20.0
2672,1089,2024-07-27,1,18.0,18.0
2673,1089,2024-07-23,2,12.0,24.0
2674,1089,2024-07-28,1,15.0,15.0
2675,1089,2024-07-28,4,18.0,72.0
2676,1089,2024-07-15,3,20.0,60.0
2677,1089,2024-07-16,3,20.0,60.0
2678,1089,2024-07-25,4,15.0,60.0
2679,1089,2024-07-29,1,18.0,18.0
2680,1089,2024-08-02,4,12.0,48.0
2681,1089,2024-08-03,2,12.0,24.0
2682,1089,2024-07-20,2,12.0,24.0
2683,1089,2024-07-19,3,18.0,54.0
2684,1090,2024-08-14,2,10.0,20.0
2685,1090,2024-08-15,1,10.0,10.0
2686,1090,2024-08-15,1,20.0,20.0
2687,1090,2024-08-23,2,15.0,30.0
2688,1090,2024-08-12,2,20.0,40.0
2689,1090,2024-08-15,1,10.0,10.0
2690,1090,2024-08-20,2,15.0,30.0
2691,1090,2024-08-21,2,15.0,30.0
2692,1090,2024-08-21,3,20.0,60.0
2693,1090,2024-08-19,2,12.0,24.0
2694,1090,2024-08-26,2,15.0,30.0
2695,1090,2024-08-23,1,12.0,12.0
2696,1090,2024-08-14,1,15.0,15.0
2697,1090,2024-08-20,3,18.0,54.0
2698,1090,2024-08-19,3,15.0,45.0
2699,1090,2024-08-21,4,10.0,40.0
2700,1090,2024-08-23,2,12.0,24.0
2701,1090,2024-08-20,2,20.0,40.0
2702,1090,2024-08-14,3,15.0,45.0
2703,1090,2024-08-07,4,12.0,48.0
2704,1090,2024-08-25,2,20.0,40.0
2705,1090,2024-08-17,2,15.0,30.0
2706,1090,2024-08-19,1,15.0,15.0
2707,1091,2024-07-28,4,12.0,48.0
2708,1091,2024-08-11,4,20.0,80.0
2709,1091,2024-08-11,2,20.0,40.0
2710,1091,2024-08-01,3,18.0,54.0
2711,1091,2024-07-28,4,12.0,48.0
2712,1091,2024-08-03,3,20.0,60.0
2713,1091,2024-07-29,4,18.0,72.0
2714,1091,2024-08-05,4,20.0,80.0
2715,1091,2024-08-12,2,12.0,24.0
2716,1091,2024-08-07,4,12.0,48.0
2717,1091,2024-08-01,2,15.0,30.0
2718,1091,2024-07-31,4,20.0,80.0
2719,1091,2024-08-08,3,15.0,45.0
2720,1091,2024-07-27,1,12.0,12.0
2721,1091,2024-08-11,3,18.0,54.0
2722,1091,2024-07-28,3,12.0,36.0
2723,1091,2024-07-26,1,18.0,18.0
2724,1091,2024-07-28,3,18.0,54.0
2725,1092,2024-08-14,4,18.0,72.0
2726,1092,2024-08-17,4,15.0,60.0
2727,1092,2024-08-20,4,10.0,40.0
2728,1092,2024-08-23,4,12.0,48.0
2729,1092,2024-08-20,1,15.0,15.0
2730,1092,2024-08-26,3,20.0,60.0
2731,1092,2024-08-12,1,15.0,15.0
2732,1092,2024-08-21,1,10.0,10.0
2733,1092,2024-08-26,3,10.0,30.0
2734,1092,2024-08-11,2,15.0,30.0
2735,1092,2024-08-22,3,15.0,45.0
2736,1092,2024-08-19,3,12.0,36.0
2737,1092,2024-08-09,2,20.0,40.0
2738,1092,2024-08-20,1,15.0,15.0
2739,1092,2024-08-19,3,18.0,54.0
2740,1092,2024-08-16,1,18.0,18.0
2741,1092,2024-08-12,2,18.0,36.0
2742,1092,2024-08-21,2,12.0,24.0
2743,1092,2024-08-13,2,20.0,40.0
2744,1092,2024-08-10,4,18.0,72.0
2745,1092,2024-08-18,1,15.0,15.0
2746,1092,2024-08-22,4,18.0,72.0
2747,1092,2024-08-22,4,18.0,72.0
2748,1092,2024-08-11,1,15.0,15.0
2749,1092,2024-08-24,2,15.0,30.0
2750,1092,2024-08-28,4,15.0,60.0
2751,1092,2024-08-18,2,18.0,36.0
2752,1092,2024-08-15,4,20.0,80.0
2753,1092,2024-08-19,3,20.0,60.0
2754,1092,2024-08-28,1,12.0,12.0
2755,1092,2024-08-24,3,20.0,60.0
2756,1092,2024-08-09,4,18.0,72.0
2757,1092,2024-08-22,4,10.0,40.0
2758,1092,2024-08-11,4,12.0,48.0
2759,1092,2024-08-13,1,15.0,15.0
2760,1092,2024-08-10,4,15.0,60.0
2761,1092,2024-08-26,2,10.0,20.0
2762,1092,2024-08-11,2,10.0,20.0
2763,1093,2024-07-23,1,12.0,12.0
2764,1093,2024-08-01,1,18.0,18.0
2765,1093,2024-07-29,2,12.0,24.0
2766,1093,2024-07-29,1,18.0,18.0
2767,1093,2024-08-06,3,20.0,60.0
2768,1093,2024-08-07,2,15.0,30.0
2769,1093,2024-07-25,4,12.0,48.0
2770,1093,2024-08-04,2,20.0,40.0
2771,1093,2024-07-25,4,10.0,40.0
2772,1093,2024-07-26,2,12.0,24.0
2773,1093,2024-08-01,3,18.0,54.0
2774,1093,2024-07-23,2,20.0,40.0
2775,1093,2024-07-20,3,20.0,60.0
2776,1093,2024-08-01,4,15.0,60.0
2777,1093,2024-08-01,1,12.0,12.0
2778,1093,2024-07-24,1,18.0,18.0
2779,1093,2024-07-19,2,20.0,40.0
2780,1093,2024-07-28,4,18.0,72.0
2781,1093,2024-07-24,1,10.0,10.0
2782,1093,2024-07-29,4,15.0,60.0
2783,1093,2024-07-29,4,20.0,80.0
2784,1093,2024-08-02,4,12.0,48.0
2785,1093,2024-08-02,4,18.0,72.0
2786,1093,2024-07-26,2,20.0,40.0
2787,1093,2024-08-04,4,10.0,40.0
2788,1093,2024-07-31,2,15.0,30.0
2789,1093,2024-07-21,3,10.0,30.0
2790,1093,2024-08-01,4,18.0,72.0
2791,1093,2024-07-21,1,15.0,15.0
2792,1093,2024-08-05,1,20.0,20.0
2793,1093,2024-07-28,4,18.0,72.0
2794,1093,2024-08-02,3,12.0,36.0
2795,1093,2024-07-22,1,18.0,18.0
2796,1093,2024-08-07,1,18.0,18.0
2797,1093,2024-07-26,3,18.0,54.0
2798,1093,2024-08-01,4,10.0,40.0
2799,1093,2024-08-07,3,10.0,30.0
2800,1093,2024-08-03,3,18.0,54.0
2801,1093,2024-07-23,4,10.0,40.0
2802,1093,2024-08-05,2,18.0,36.0
2803,1093,2024-08-03,4,15.0,60.0
2804,1093,2024-08-02,2,10.0,20.0
2805,1093,2024-07-19,1,12.0,12.0
2806,1093,2024-07-29,1,20.0,20.0
2807,1093,2024-07-26,2,10.0,20.0
2808,1093,2024-08-07,3,12.0,36.0
2809,1093,2024-07-24,3,12.0,36.0
2810,1093,2024-08-01,1,20.0,20.0
2811,1094,2024-08-05,1,20.0,20.0
2812,1094,2024-08-16,4,15.0,60.0
2813,1094,2024-08-05,1,20.0,20.0
2814,1094,2024-08-19,1,18.0,18.0
2815,1094,2024-08-13,2,15.0,30.0
2816,1094,2024-08-12,2,10.0,20.0
2817,1094,2024-08-19,4,10.0,40.0
2818,1094,2024-08-19,3,12.0,36.0
2819,1094,2024-08-17,2,10.0,20.0
2820,1094,2024-08-14,2,10.0,20.0
2821,1094,2024-08-06,1,15.0,15.0
2822,1094,2024-08-09,2,20.0,40.0
2823,1094,2024-08-13,4,18.0,72.0
2824,1094,2024-08-16,2,12.0,24.0
2825,1094,2024-08-16,3,15.0,45.0
2826,1094,2024-08-14,1,18.0,18.0
2827,1094,2024-08-09,1,18.0,18.0
2828,1094,2024-08-13,4,12.0,48.0
2829,1094,2024-08-17,3,20.0,60.0
2830,1094,2024-08-08,1,10.0,10.0
2831,1094,2024-08-13,4,15.0,60.0
2832,1094,2024-07-31,4,10.0,40.0
2833,1094,2024-08-02,2,15.0,30.0
2834,1095,2024-08-09,3,18.0,54.0
2835,1095,2024-08-24,3,12.0,36.0
2836,1095,2024-08-18,4,10.0,40.0
2837,1095,2024-08-18,1,20.0,20.0
2838,1095,2024-08-10,4,18.0,72.0
2839,1095,2024-08-12,2,20.0,40.0
2840,1095,2024-08-10,1,12.0,12.0
2841,1095,2024-08-28,1,15.0,15.0
2842,1095,2024-08-21,4,12.0,48.0
2843,1095,2024-08-09,1,10.0,10.0
2844,1095,2024-08-24,3,18.0,54.0
2845,1095,2024-08-19,2,12.0,24.0
2846,1095,2024-08-16,2,10.0,20.0
2847,1095,2024-08-21,4,15.0,60.0
2848,1095,2024-08-24,3,15.0,45.0
2849,1095,2024-08-27,4,15.0,60.0
2850,1096,2024-08-22,3,15.0,45.0
2851,1096,2024-08-22,2,20.0,40.0
2852,1096,2024-08-28,2,12.0,24.0
2853,1096,2024-08-10,4,20.0,80.0
2854,1096,2024-08-19,2,18.0,36.0
2855,1096,2024-08-29,1,18.0,18.0
2856,1096,2024-08-27,2,10.0,20.0
2857,1096,2024-08-25,2,12.0,24.0
2858,1096,2024-08-27,2,20.0,40.0
2859,1096,2024-08-12,2,12.0,24.0
2860,1096,2024-08-13,1,18.0,18.0
2861,1097,2024-08-16,2,12.0,24.0
2862,1097,2024-08-18,4,12.0,48.0
2863,1097,2024-08-06,2,15.0,30.0
2864,1097,2024-08-16,4,12.0,48.0
2865,1097,2024-08-17,4,10.0,40.0
2866,1097,2024-08-14,4,18.0,72.0
2867,1097,2024-08-20,4,18.0,72.0
2868,1097,2024-08-12,4,12.0,48.0
2869,1097,2024-08-10,1,18.0,18.0
2870,1097,2024-08-12,1,15.0,15.0
2871,1097,2024-08-06,2,20.0,40.0
2872,1097,2024-08-20,3,18.0,54.0
2873,1097,2024-08-11,3,18.0,54.0
2874,1097,2024-08-16,4,20.0,80.0
2875,1097,2024-08-06,4,10.0,40.0
2876,1097,2024-08-15,2,18.0,36.0
2877,1097,2024-08-19,2,12.0,24.0
2878,1097,2024-08-25,1,20.0,20.0
2879,1097,2024-08-14,4,18.0,72.0
2880,1097,2024-08-12,4,15.0,60.0
2881,1097,2024-08-13,4,15.0,60.0
2882,1097,2024-08-07,1,18.0,18.0
2883,1097,2024-08-24,1,18.0,18.0
2884,1097,2024-08-07,2,12.0,24.0
2885,1097,2024-08-12,3,15.0,45.0
2886,1097,2024-08-09,4,15.0,60.0
2887,1097,2024-08-24,4,18.0,72.0
2888,1097,2024-08-18,2,18.0,36.0
2889,1097,2024-08-24,3,10.0,30.0
2890,1097,2024-08-21,3,20.0,60.0
2891,1097,2024-08-11,2,15.0,30.0
2892,1097,2024-08-18,2,10.0,20.0
2893,1097,2024-08-22,1,18.0,18.0
2894,1097,2024-08-13,1,20.0,20.0
2895,1097,2024-08-19,4,12.0,48.0
2896,1097,2024-08-12,3,15.0,45.0
2897,1097,2024-08-09,4,20.0,80.0
2898,1097,2024-08-16,4,10.0,40.0
2899,1097,2024-08-22,3,12.0,36.0
2900,1098,2024-07-28,4,15.0,60.0
2901,1098,2024-08-03,2,18.0,36.0
2902,1098,2024-08-03,1,10.0,10.0
2903,1098,2024-07-21,4,15.0,60.0
2904,1098,2024-07-21,2,12.0,24.0
2905,1098,2024-07-23,2,12.0,24.0
2906,1098,2024-07-28,4,12.0,48.0
2907,1098,2024-07-18,1,18.0,18.0
2908,1098,2024-07-16,2,12.0,24.0
2909,1098,2024-07-28,1,12.0,12.0
2910,1098,2024-07-28,3,18.0,54.0
2911,1098,2024-07-20,1,12.0,12.0
2912,1098,2024-08-01,3,10.0,30.0
2913,1098,2024-07-22,1,15.0,15.0
2914,1098,2024-08-01,3,10.0,30.0
2915,1098,2024-07-16,2,18.0,36.0
2916,1098,2024-07-19,1,10.0,10.0
2917,1098,2024-08-02,3,10.0,30.0
2918,1098,2024-07-16,1,10.0,10.0
2919,1098,2024-07-28,1,18.0,18.0
2920,1098,2024-07-15,3,18.0,54.0
2921,1098,2024-07-19,3,20.0,60.0
2922,1098,2024-07-21,3,15.0,45.0
2923,1098,2024-07-24,3,12.0,36.0
2924,1098,2024-07-23,4,18.0,72.0
2925,1098,2024-07-15,1,15.0,15.0
2926,1098,2024-07-24,1,10.0,10.0
2927,1099,2024-07-25,2,10.0,20.0
2928,1099,2024-07-18,1,20.0,20.0
2929,1099,2024-07-29,2,15.0,30.0
2930,1099,2024-07-23,4,20.0,80.0
2931,1099,2024-07-24,2,10.0,20.0
2932,1099,2024-07-27,1,15.0,15.0
2933,1099,2024-08-05,3,18.0,54.0
2934,1099,2024-07-30,4,18.0,72.0
2935,1099,2024-07-18,1,15.0,15.0
2936,1099,2024-07-24,4,10.0,40.0
2937,1099,2024-07-25,3,20.0,60.0
2938,1099,2024-07-31,2,20.0,40.0
2939,1099,2024-07-19,1,12.0,12.0
2940,1099,2024-07-22,1,15.0,15.0
2941,1099,2024-07-20,4,12.0,48.0
2942,1099,2024-07-23,1,18.0,18.0
2943,1099,2024-07-20,2,12.0,24.0
2944,1099,2024-07-31,2,10.0,20.0
2945,1099,2024-08-03,4,10.0,40.0
2946,1099,2024-08-01,3,18.0,54.0
2947,1099,2024-07-29,2,15.0,30.0
2948,1099,2024-07-22,1,12.0,12.0
2949,1099,2024-07-20,4,10.0,40.0
2950,1099,2024-07-27,2,20.0,40.0
2951,1099,2024-07-18,1,15.0,15.0
2952,1099,2024-07-25,4,20.0,80.0
2953,1099,2024-07-24,2,12.0,24.0
2954,1099,2024-07-29,1,15.0,15.0
2955,1099,2024-08-04,1,10.0,10.0
2956,1099,2024-07-27,2,10.0,20.0
2957,1099,2024-07-19,3,12.0,36.0
2958,1099,2024-07-27,4,20.0,80.0
2959,1099,2024-08-06,3,10.0,30.0
2960,1099,2024-07-19,2,18.0,36.0
2961,1099,2024-07-24,3,15.0,45.0
2962,1099,2024-08-02,2,10.0,20.0
2963,1099,2024-07-25,1,20.0,20.0
2964,1099,2024-07-23,3,12.0,36.0
2965,1099,2024-07-28,2,18.0,36.0
2966,1100,2024-08-03,3,12.0,36.0
2967,1100,2024-08-06,3,15.0,45.0
2968,1100,2024-07-22,1,15.0,15.0
2969,1100,2024-07-20,4,12.0,48.0
2970,1100,2024-07-23,3,18.0,54.0
2971,1100,2024-08-06,3,12.0,36.0
2972,1100,2024-08-01,2,10.0,20.0
2973,1100,2024-08-02,4,18.0,72.0
2974,1100,2024-07-29,2,10.0,20.0
2975,1100,2024-07-21,4,15.0,60.0
2976,1100,2024-07-25,4,15.0,60.0
2977,1100,2024-07-26,4,10.0,40.0
2978,1100,2024-07-22,3,15.0,45.0
2979,1100,2024-08-01,4,10.0,40.0
2980,1100,2024-08-03,3,20.0,60.0
2981,1100,2024-08-06,3,18.0,54.0
2982,1100,2024-08-02,2,18.0,36.0
2983,1100,2024-07-23,3,12.0,36.0
2984,1100,2024-08-01,2,12.0,24.0
2985,1100,2024-08-07,3,20.0,60.0
2986,1100,2024-08-04,2,18.0,36.0
2987,1100,2024-07-25,2,10.0,20.0
2988,1100,2024-08-04,3,18.0,54.0
2989,1100,2024-08-02,1,10.0,10.0
2990,1100,2024-07-22,3,20.0,60.0
2991,1100,2024-07-25,2,18.0,36.0
2992,1100,2024-07-31,1,10.0,10.0
2993,1100,2024-07-31,4,18.0,72.0
2994,1100,2024-07-29,2,18.0,36.0
2995,1100,2024-08-05,4,18.0,72.0
2996,1100,2024-07-30,4,15.0,60.0
2997,1100,2024-08-07,1,10.0,10.0
2998,1100,2024-08-05,1,18.0,18.0
2999,1100,2024-07-22,2,10.0,20.0
3000,1100,2024-07-20,4,15.0,60.0
3001,1100,2024-08-04,2,18.0,36.0
3002,1100,2024-07-23,4,15.0,60.0
3003,1100,2024-07-20,2,10.0,20.0
3004,1100,2024-07-28,1,20.0,20.0
