Sale_ID,Event_ID,Sale_Date,Quantity,Price_Per_Ticket
1,1001,2024-08-18,3,15
2,1001,2024-08-04,4,20
3,1001,2024-08-10,1,10
4,1001,2024-08-12,2,20
5,1001,2024-08-12,1,10
6,1001,2024-08-01,4,15
7,1001,2024-08-10,4,20
8,1001,2024-08-04,1,18
9,1001,2024-08-02,2,15
10,1001,2024-08-19,4,10
11,1001,2024-08-04,2,15
12,1001,2024-08-07,1,15
13,1001,2024-08-01,3,10
14,1001,2024-08-11,3,18
15,1001,2024-08-10,4,15
16,1001,2024-08-03,2,12
17,1001,2024-08-07,4,12
18,1001,2024-08-01,3,18
19,1001,2024-08-03,1,15
20,1001,2024-08-11,2,18
21,1001,2024-08-02,3,18
22,1001,2024-08-06,4,12
23,1001,2024-08-04,4,12
24,1001,2024-08-18,3,20
25,1001,2024-08-01,3,10
26,1001,2024-08-13,3,12
27,1001,2024-08-14,2,10
28,1002,2024-07-31,4,20
29,1002,2024-08-05,4,18
30,1002,2024-07-20,2,18
31,1002,2024-07-23,4,12
32,1002,2024-08-03,1,10
33,1002,2024-07-25,2,12
34,1002,2024-07-22,4,10
35,1002,2024-07-21,2,10
36,1002,2024-07-24,2,18
37,1002,2024-07-22,3,18
38,1002,2024-07-19,4,20
39,1002,2024-07-24,2,18
40,1003,2024-08-13,2,15
41,1003,2024-08-05,4,12
42,1003,2024-08-13,4,10
43,1003,2024-08-12,2,15
44,1003,2024-08-11,3,20
45,1003,2024-08-19,2,12
46,1003,2024-08-14,4,12
47,1003,2024-08-15,1,18
48,1003,2024-08-08,3,20
49,1003,2024-08-07,4,10
50,1003,2024-08-15,4,18
51,1003,2024-08-03,1,20
52,1003,2024-08-09,4,10
53,1003,2024-08-10,3,18
54,1003,2024-08-08,2,18
55,1003,2024-08-14,3,18
56,1003,2024-08-06,1,18
57,1003,2024-08-11,4,12
58,1003,2024-08-07,2,20
59,1003,2024-08-04,1,18
60,1003,2024-08-03,1,10
61,1003,2024-08-08,2,18
62,1003,2024-08-16,1,15
63,1003,2024-08-09,3,12
64,1003,2024-08-07,3,15
65,1003,2024-08-09,3,18
66,1003,2024-08-13,1,18
67,1003,2024-08-21,1,15
68,1003,2024-08-14,1,10
69,1003,2024-08-21,2,12
70,1003,2024-08-21,2,12
71,1003,2024-08-17,4,10
72,1003,2024-08-03,2,18
73,1003,2024-08-13,3,12
74,1003,2024-08-02,1,12
75,1003,2024-08-12,1,20
76,1003,2024-08-21,3,20
77,1003,2024-08-09,4,12
78,1004,2024-07-14,2,10
79,1004,2024-07-23,1,20
80,1004,2024-07-31,3,20
81,1004,2024-07-19,3,10
82,1004,2024-07-16,3,10
83,1004,2024-07-19,4,10
84,1004,2024-07-19,3,18
85,1004,2024-07-28,4,12
86,1004,2024-07-16,3,20
87,1004,2024-07-15,4,18
88,1004,2024-07-19,3,15
89,1004,2024-07-25,1,15
90,1004,2024-07-18,2,18
91,1004,2024-07-14,4,15
92,1005,2024-08-01,3,12
93,1005,2024-08-01,2,15
94,1005,2024-08-08,3,15
95,1005,2024-07-28,3,20
96,1005,2024-08-16,2,10
97,1005,2024-08-09,4,18
98,1005,2024-07-30,2,18
99,1005,2024-08-01,4,10
100,1005,2024-08-14,3,12
101,1005,2024-08-04,2,15
102,1005,2024-07-29,3,18
103,1006,2024-08-06,3,18
104,1006,2024-08-05,3,15
105,1006,2024-08-08,3,15
106,1006,2024-08-14,2,10
107,1006,2024-08-16,3,10
108,1006,2024-08-05,2,12
109,1006,2024-08-16,4,15
110,1006,2024-08-04,3,10
111,1006,2024-08-16,3,12
112,1006,2024-08-11,2,15
113,1006,2024-08-22,2,15
114,1006,2024-08-21,1,20
115,1006,2024-08-13,2,18
116,1006,2024-08-19,1,20
117,1006,2024-08-13,4,18
118,1006,2024-08-08,3,12
119,1006,2024-08-21,3,18
120,1006,2024-08-19,1,18
121,1006,2024-08-07,1,20
122,1006,2024-08-21,2,12
123,1006,2024-08-04,3,10
124,1006,2024-08-15,1,20
125,1006,2024-08-09,2,20
126,1006,2024-08-10,4,18
127,1006,2024-08-13,4,15
128,1006,2024-08-04,1,20
129,1006,2024-08-19,2,12
130,1006,2024-08-14,1,12
131,1006,2024-08-15,2,20
132,1006,2024-08-20,2,10
133,1006,2024-08-09,4,20
134,1006,2024-08-07,3,10
135,1006,2024-08-15,3,15
136,1006,2024-08-08,1,12
137,1006,2024-08-14,2,18
138,1006,2024-08-19,2,12
139,1006,2024-08-14,2,10
140,1006,2024-08-21,2,15
141,1006,2024-08-03,3,18
142,1006,2024-08-19,4,15
143,1006,2024-08-10,3,20
144,1006,2024-08-05,4,18
145,1006,2024-08-20,1,18
146,1006,2024-08-12,3,10
147,1006,2024-08-20,2,20
148,1007,2024-08-18,3,20
149,1007,2024-08-17,2,18
150,1007,2024-08-02,4,15
151,1007,2024-08-13,4,18
152,1007,2024-08-16,4,15
153,1007,2024-08-05,3,15
154,1007,2024-08-15,2,15
155,1007,2024-08-05,4,15
156,1007,2024-08-06,1,18
157,1007,2024-08-16,3,15
158,1007,2024-08-08,1,18
159,1007,2024-08-02,1,20
160,1007,2024-08-04,4,10
161,1007,2024-08-12,3,20
162,1007,2024-08-03,4,10
163,1007,2024-08-12,3,20
164,1007,2024-08-14,3,18
165,1007,2024-08-03,1,10
166,1007,2024-07-30,2,12
167,1007,2024-08-09,1,20
168,1007,2024-08-05,1,12
169,1007,2024-08-15,4,10
170,1007,2024-08-14,4,15
171,1007,2024-08-02,3,18
172,1007,2024-08-03,4,12
173,1007,2024-08-04,2,18
174,1007,2024-08-12,2,10
175,1007,2024-08-10,4,15
176,1007,2024-08-02,3,10
177,1007,2024-08-09,3,20
178,1007,2024-07-31,4,12
179,1007,2024-08-04,4,15
180,1007,2024-08-08,4,18
181,1007,2024-08-08,2,12
182,1007,2024-07-31,4,12
183,1007,2024-08-05,1,15
184,1007,2024-08-03,4,18
185,1007,2024-08-14,4,10
186,1007,2024-08-14,3,10
187,1007,2024-08-04,1,20
188,1007,2024-08-04,1,12
189,1007,2024-08-05,2,10
190,1007,2024-08-03,3,15
191,1007,2024-07-30,4,10
192,1007,2024-08-08,4,15
193,1007,2024-08-03,1,20
194,1007,2024-08-16,2,15
195,1008,2024-08-11,4,10
196,1008,2024-08-10,4,12
197,1008,2024-08-04,1,10
198,1008,2024-08-03,1,15
199,1008,2024-08-02,3,18
200,1008,2024-08-09,2,20
201,1008,2024-07-31,2,12
202,1008,2024-08-08,1,20
203,1008,2024-08-01,2,18
204,1008,2024-07-26,2,12
205,1008,2024-07-30,3,18
206,1008,2024-08-05,1,18
207,1008,2024-08-04,2,10
208,1008,2024-07-30,3,20
209,1008,2024-08-04,4,15
210,1008,2024-07-30,3,12
211,1008,2024-08-01,4,10
212,1008,2024-08-06,4,20
213,1008,2024-08-02,3,15
214,1008,2024-08-13,4,15
215,1008,2024-08-13,1,20
216,1008,2024-07-29,3,12
217,1008,2024-07-25,3,12
218,1008,2024-08-07,3,12
219,1009,2024-08-27,1,15
220,1009,2024-08-16,1,20
221,1009,2024-08-19,2,10
222,1009,2024-08-21,3,18
223,1009,2024-08-25,2,12
224,1009,2024-08-13,3,20
225,1009,2024-08-14,3,12
226,1009,2024-08-22,4,15
227,1009,2024-08-20,1,18
228,1009,2024-08-28,2,12
229,1009,2024-08-18,3,10
230,1009,2024-08-18,1,15
231,1009,2024-08-13,1,18
232,1009,2024-08-19,3,20
233,1009,2024-08-18,3,10
234,1009,2024-08-23,4,10
235,1009,2024-08-11,3,20
236,1009,2024-08-23,1,18
237,1009,2024-08-21,4,10
238,1009,2024-08-26,1,10
239,1009,2024-08-21,4,10
240,1009,2024-08-27,2,20
241,1009,2024-08-26,4,18
242,1009,2024-08-19,4,20
243,1009,2024-08-26,4,10
244,1009,2024-08-15,4,15
245,1009,2024-08-29,3,12
246,1009,2024-08-16,4,12
247,1009,2024-08-19,1,15
248,1009,2024-08-13,3,10
249,1009,2024-08-18,3,12
250,1009,2024-08-27,4,10
251,1009,2024-08-24,1,10
252,1009,2024-08-20,2,12
253,1009,2024-08-12,2,10
254,1009,2024-08-13,2,20
255,1009,2024-08-24,2,15
256,1009,2024-08-26,1,15
257,1009,2024-08-26,2,20
258,1009,2024-08-22,2,10
259,1009,2024-08-30,2,10
260,1009,2024-08-19,2,20
261,1009,2024-08-20,1,12
262,1009,2024-08-22,1,12
263,1009,2024-08-17,1,10
264,1009,2024-08-15,4,15
265,1009,2024-08-14,1,18
266,1009,2024-08-14,2,20
267,1009,2024-08-29,3,18
268,1009,2024-08-30,1,18
269,1010,2024-07-21,1,18
270,1010,2024-07-20,1,10
271,1010,2024-07-24,2,10
272,1010,2024-07-30,3,20
273,1010,2024-07-16,3,18
274,1010,2024-07-15,3,18
275,1010,2024-07-18,4,10
276,1010,2024-07-31,2,18
277,1010,2024-07-20,2,18
278,1010,2024-07-24,4,18
279,1010,2024-07-21,1,15
280,1010,2024-07-21,3,15
281,1010,2024-07-23,2,18
282,1010,2024-08-01,1,10
283,1010,2024-08-01,4,10
284,1010,2024-07-23,2,20
285,1010,2024-08-02,3,10
286,1010,2024-07-21,3,18
287,1010,2024-08-02,3,20
288,1010,2024-07-25,3,10
289,1010,2024-07-16,2,12
290,1010,2024-07-19,2,10
291,1010,2024-07-23,3,10
292,1010,2024-07-26,2,18
293,1010,2024-07-17,1,20
294,1010,2024-07-26,1,12
295,1010,2024-07-26,3,15
296,1010,2024-07-23,1,12
297,1010,2024-07-30,4,10
298,1010,2024-07-30,1,10
299,1010,2024-07-18,2,18
300,1010,2024-07-21,4,15
301,1010,2024-07-29,3,15
302,1010,2024-07-24,1,10
303,1010,2024-07-30,2,20
304,1011,2024-08-23,3,18
305,1011,2024-08-12,4,20
306,1011,2024-08-11,4,15
307,1011,2024-08-19,1,15
308,1011,2024-08-12,1,15
309,1011,2024-08-07,4,20
310,1011,2024-08-16,1,12
311,1011,2024-08-13,1,10
312,1011,2024-08-19,3,12
313,1011,2024-08-21,3,15
314,1011,2024-08-15,1,10
315,1011,2024-08-10,4,12
316,1011,2024-08-21,4,20
317,1012,2024-08-13,3,10
318,1012,2024-08-17,1,18
319,1012,2024-08-29,4,10
320,1012,2024-08-19,4,20
321,1012,2024-08-17,4,15
322,1012,2024-08-26,4,10
323,1012,2024-08-19,2,20
324,1012,2024-08-15,3,10
325,1012,2024-08-16,1,12
326,1012,2024-08-16,4,20
327,1012,2024-08-27,4,15
328,1012,2024-08-19,2,15
329,1012,2024-08-24,1,20
330,1012,2024-08-26,2,15
331,1012,2024-08-18,2,12
332,1012,2024-08-26,2,15
333,1012,2024-08-23,2,20
334,1012,2024-08-25,1,12
335,1012,2024-08-14,4,20
336,1012,2024-08-11,4,20
337,1012,2024-08-10,3,15
338,1012,2024-08-25,4,10
339,1012,2024-08-14,4,15
340,1012,2024-08-21,1,15
341,1013,2024-08-24,3,18
342,1013,2024-08-12,1,10
343,1013,2024-08-15,3,10
344,1013,2024-08-24,4,18
345,1013,2024-08-08,1,18
346,1013,2024-08-08,2,15
347,1013,2024-08-07,4,20
348,1013,2024-08-22,1,18
349,1013,2024-08-23,3,10
350,1013,2024-08-10,2,10
351,1013,2024-08-19,4,18
352,1013,2024-08-10,2,15
353,1013,2024-08-15,3,18
354,1013,2024-08-13,3,20
355,1013,2024-08-25,3,10
356,1013,2024-08-16,1,20
357,1013,2024-08-14,3,15
358,1013,2024-08-07,2,15
359,1013,2024-08-24,2,15
360,1013,2024-08-17,4,12
361,1013,2024-08-07,1,15
362,1013,2024-08-09,4,15
363,1013,2024-08-22,1,18
364,1013,2024-08-10,3,10
365,1013,2024-08-15,3,12
366,1013,2024-08-20,3,18
367,1013,2024-08-20,2,12
368,1013,2024-08-22,1,15
369,1013,2024-08-23,1,15
370,1013,2024-08-07,2,20
371,1013,2024-08-14,2,12
372,1013,2024-08-21,2,18
373,1013,2024-08-25,4,15
374,1013,2024-08-19,4,20
375,1013,2024-08-17,4,12
376,1013,2024-08-09,2,15
377,1013,2024-08-11,2,15
378,1013,2024-08-08,4,18
379,1013,2024-08-17,4,20
380,1013,2024-08-10,4,12
381,1013,2024-08-20,2,15
382,1013,2024-08-25,4,15
383,1014,2024-08-19,1,15
384,1014,2024-08-20,2,15
385,1014,2024-08-08,2,18
386,1014,2024-08-20,2,18
387,1014,2024-08-11,1,18
388,1014,2024-08-21,4,20
389,1014,2024-08-11,2,18
390,1014,2024-08-20,3,12
391,1014,2024-08-22,3,10
392,1014,2024-08-12,2,12
393,1014,2024-08-21,3,18
394,1014,2024-08-18,4,18
395,1014,2024-08-03,1,10
396,1014,2024-08-22,3,12
397,1014,2024-08-18,4,10
398,1014,2024-08-13,2,15
399,1014,2024-08-19,1,12
400,1014,2024-08-09,4,10
401,1014,2024-08-19,4,20
402,1014,2024-08-05,1,20
403,1014,2024-08-04,2,12
404,1014,2024-08-13,4,10
405,1014,2024-08-03,3,12
406,1014,2024-08-04,4,12
407,1014,2024-08-20,3,10
408,1014,2024-08-06,1,18
409,1014,2024-08-07,1,18
410,1014,2024-08-11,3,10
411,1014,2024-08-11,1,15
412,1014,2024-08-15,1,20
413,1014,2024-08-12,2,10
414,1014,2024-08-11,3,12
415,1014,2024-08-08,4,12
416,1014,2024-08-18,1,18
417,1014,2024-08-21,3,12
418,1014,2024-08-21,2,10
419,1014,2024-08-12,3,20
420,1014,2024-08-10,4,15
421,1014,2024-08-21,2,15
422,1014,2024-08-11,1,15
423,1014,2024-08-14,1,15
424,1014,2024-08-09,4,18
425,1014,2024-08-10,3,12
426,1014,2024-08-07,4,15
427,1014,2024-08-06,3,10
428,1015,2024-08-22,4,20
429,1015,2024-08-19,3,15
430,1015,2024-08-21,1,15
431,1015,2024-08-15,3,18
432,1015,2024-08-05,4,12
433,1015,2024-08-10,3,18
434,1015,2024-08-23,3,20
435,1015,2024-08-11,3,10
436,1015,2024-08-22,4,15
437,1015,2024-08-08,2,10
438,1015,2024-08-20,4,10
439,1015,2024-08-20,1,12
440,1015,2024-08-13,3,18
441,1015,2024-08-06,1,20
442,1015,2024-08-20,4,15
443,1015,2024-08-13,4,10
444,1015,2024-08-06,2,20
445,1015,2024-08-13,4,15
446,1015,2024-08-16,2,10
447,1015,2024-08-24,2,18
448,1015,2024-08-08,4,20
449,1015,2024-08-21,3,15
450,1015,2024-08-10,2,20
451,1015,2024-08-15,4,12
452,1015,2024-08-21,2,10
453,1015,2024-08-10,2,18
454,1015,2024-08-22,3,15
455,1015,2024-08-22,3,15
456,1015,2024-08-19,2,15
457,1015,2024-08-08,2,10
458,1015,2024-08-18,2,12
459,1015,2024-08-09,1,15
460,1015,2024-08-07,3,18
461,1015,2024-08-07,2,20
462,1015,2024-08-22,1,15
463,1015,2024-08-12,4,20
464,1015,2024-08-11,4,20
465,1016,2024-08-08,3,10
466,1016,2024-07-29,4,20
467,1016,2024-08-01,2,20
468,1016,2024-07-25,2,12
469,1016,2024-07-30,1,10
470,1016,2024-07-27,2,15
471,1016,2024-08-07,2,15
472,1016,2024-08-05,3,20
473,1016,2024-08-03,1,15
474,1016,2024-08-06,3,12
475,1016,2024-08-03,1,20
476,1016,2024-08-07,2,12
477,1016,2024-07-24,3,20
478,1016,2024-08-11,1,10
479,1017,2024-07-18,3,12
480,1017,2024-07-18,4,20
481,1017,2024-08-05,4,20
482,1017,2024-07-27,3,18
483,1017,2024-07-29,4,15
484,1017,2024-07-22,1,10
485,1017,2024-07-31,4,18
486,1017,2024-07-21,4,12
487,1017,2024-07-26,2,15
488,1017,2024-07-26,3,18
489,1017,2024-08-01,3,20
490,1017,2024-07-19,1,15
491,1018,2024-07-25,1,15
492,1018,2024-07-25,2,12
493,1018,2024-08-05,1,15
494,1018,2024-07-27,4,12
495,1018,2024-08-03,3,20
496,1018,2024-07-29,2,12
497,1018,2024-07-24,4,18
498,1018,2024-07-30,4,10
499,1018,2024-08-06,4,20
500,1018,2024-07-25,2,12
501,1018,2024-07-21,3,10
502,1018,2024-08-07,3,18
503,1018,2024-07-20,4,15
504,1018,2024-07-22,1,10
505,1018,2024-07-26,2,15
506,1018,2024-07-28,4,15
507,1018,2024-08-07,4,10
508,1018,2024-07-21,2,15
509,1018,2024-07-22,3,10
510,1018,2024-07-27,4,20
511,1018,2024-07-31,1,12
512,1018,2024-08-05,4,15
513,1018,2024-07-29,3,12
514,1018,2024-08-02,4,20
515,1018,2024-08-07,1,10
516,1019,2024-08-07,4,20
517,1019,2024-08-03,2,20
518,1019,2024-08-01,2,15
519,1019,2024-07-29,3,12
520,1019,2024-08-05,3,20
521,1019,2024-08-07,4,20
522,1019,2024-08-08,4,10
523,1019,2024-08-06,3,10
524,1019,2024-08-04,3,10
525,1019,2024-07-29,4,15
526,1019,2024-07-30,2,10
527,1019,2024-07-30,4,12
528,1019,2024-08-01,4,12
529,1019,2024-08-10,1,20
530,1019,2024-08-14,2,10
531,1019,2024-08-03,3,18
532,1019,2024-08-13,4,12
533,1019,2024-08-04,4,10
534,1020,2024-07-23,2,20
535,1020,2024-07-29,4,20
536,1020,2024-07-27,3,12
537,1020,2024-07-25,3,20
538,1020,2024-07-28,3,20
539,1020,2024-07-24,2,12
540,1020,2024-07-31,3,12
541,1020,2024-07-30,3,12
542,1020,2024-07-24,3,18
543,1020,2024-07-28,3,15
544,1020,2024-08-05,4,18
545,1020,2024-07-28,2,15
546,1020,2024-08-07,3,10
547,1020,2024-07-28,4,15
548,1020,2024-07-24,2,12
549,1020,2024-07-22,3,20
550,1020,2024-07-31,2,10
551,1020,2024-07-20,2,12
552,1021,2024-08-10,2,12
553,1021,2024-08-25,1,18
554,1021,2024-08-16,4,10
555,1021,2024-08-22,1,20
556,1021,2024-08-21,4,18
557,1021,2024-08-11,2,15
558,1021,2024-08-16,3,10
559,1021,2024-08-24,2,20
560,1021,2024-08-25,2,18
561,1021,2024-08-21,1,18
562,1021,2024-08-11,2,15
563,1021,2024-08-25,1,15
564,1021,2024-08-08,1,15
565,1022,2024-07-29,4,12
566,1022,2024-07-27,4,15
567,1022,2024-08-06,1,15
568,1022,2024-08-07,4,15
569,1022,2024-08-07,1,15
570,1022,2024-08-03,2,12
571,1022,2024-07-24,4,18
572,1022,2024-07-27,3,10
573,1022,2024-07-31,1,12
574,1022,2024-08-08,4,15
575,1022,2024-08-05,1,15
576,1022,2024-07-31,2,18
577,1022,2024-08-04,3,15
578,1022,2024-07-25,1,15
579,1022,2024-08-01,2,10
580,1022,2024-08-09,4,15
581,1022,2024-08-07,4,20
582,1022,2024-08-03,1,15
583,1022,2024-08-01,2,12
584,1022,2024-08-08,4,12
585,1022,2024-07-29,3,18
586,1022,2024-07-26,4,20
587,1022,2024-08-06,2,20
588,1022,2024-08-10,4,20
589,1022,2024-08-01,1,20
590,1022,2024-08-09,1,20
591,1022,2024-07-27,2,20
592,1022,2024-07-26,2,12
593,1023,2024-08-12,4,10
594,1023,2024-08-22,4,10
595,1023,2024-08-12,4,10
596,1023,2024-08-14,2,20
597,1023,2024-08-15,4,20
598,1023,2024-08-27,4,15
599,1023,2024-08-28,4,15
600,1023,2024-08-28,2,20
601,1023,2024-08-26,1,18
602,1023,2024-08-17,1,20
603,1023,2024-08-27,1,18
604,1023,2024-08-27,3,18
605,1023,2024-08-23,2,18
606,1023,2024-08-17,4,18
607,1023,2024-08-16,4,10
608,1023,2024-08-11,2,15
609,1023,2024-08-25,2,20
610,1023,2024-08-16,2,12
611,1023,2024-08-28,1,15
612,1023,2024-08-14,4,20
613,1023,2024-08-16,2,12
614,1023,2024-08-14,3,12
615,1023,2024-08-20,2,10
616,1023,2024-08-27,4,20
617,1023,2024-08-28,2,12
618,1023,2024-08-26,1,20
619,1023,2024-08-27,4,20
620,1023,2024-08-27,2,10
621,1023,2024-08-16,4,12
622,1023,2024-08-11,2,10
623,1024,2024-07-27,3,12
624,1024,2024-07-25,3,20
625,1024,2024-07-24,3,12
626,1024,2024-08-03,2,20
627,1024,2024-08-05,4,15
628,1024,2024-08-04,1,20
629,1024,2024-07-25,2,18
630,1024,2024-07-26,4,10
631,1024,2024-08-01,4,20
632,1024,2024-08-02,4,18
633,1024,2024-08-08,3,18
634,1024,2024-08-07,4,12
635,1024,2024-08-05,3,12
636,1024,2024-07-29,1,20
637,1024,2024-07-30,4,20
638,1024,2024-07-27,2,18
639,1024,2024-08-05,3,12
640,1024,2024-08-02,1,18
641,1025,2024-08-05,2,10
642,1025,2024-07-30,4,20
643,1025,2024-07-19,1,10
644,1025,2024-08-01,2,18
645,1025,2024-08-01,3,15
646,1025,2024-08-07,2,12
647,1025,2024-08-04,4,12
648,1025,2024-07-19,2,18
649,1025,2024-07-31,3,15
650,1025,2024-07-26,4,20
651,1025,2024-07-27,3,15
652,1025,2024-07-27,4,18
653,1025,2024-08-04,4,15
654,1025,2024-08-01,3,15
655,1025,2024-07-25,1,20
656,1025,2024-07-31,2,10
657,1025,2024-07-30,4,15
658,1025,2024-08-03,2,15
659,1025,2024-07-31,4,20
660,1025,2024-07-31,4,20
661,1025,2024-07-28,3,18
662,1025,2024-07-23,4,12
663,1025,2024-07-27,2,12
664,1025,2024-07-21,4,12
665,1025,2024-07-21,1,20
666,1025,2024-08-06,1,10
667,1025,2024-08-07,4,12
668,1025,2024-07-31,1,12
669,1025,2024-08-07,2,20
670,1025,2024-07-24,3,10
671,1025,2024-07-19,4,18
672,1025,2024-08-07,1,20
673,1025,2024-07-21,4,10
674,1026,2024-08-02,3,20
675,1026,2024-08-09,1,20
676,1026,2024-08-05,2,10
677,1026,2024-08-15,2,12
678,1026,2024-08-12,3,15
679,1026,2024-08-10,4,10
680,1026,2024-08-07,4,18
681,1026,2024-07-31,2,12
682,1026,2024-08-09,1,10
683,1026,2024-08-16,4,18
684,1026,2024-08-06,4,10
685,1027,2024-08-07,2,10
686,1027,2024-07-23,4,15
687,1027,2024-07-20,1,20
688,1027,2024-08-06,2,12
689,1027,2024-07-20,4,15
690,1027,2024-08-06,1,15
691,1027,2024-07-21,1,12
692,1027,2024-07-28,1,12
693,1027,2024-07-20,2,18
694,1027,2024-08-05,3,12
695,1027,2024-07-20,2,20
696,1027,2024-07-26,3,18
697,1027,2024-08-03,1,20
698,1027,2024-07-27,1,10
699,1027,2024-07-25,2,10
700,1027,2024-07-28,4,15
701,1027,2024-08-07,3,18
702,1027,2024-07-23,2,15
703,1027,2024-07-21,4,18
704,1027,2024-08-02,4,10
705,1027,2024-07-19,3,12
706,1027,2024-08-05,1,15
707,1027,2024-08-03,4,12
708,1027,2024-07-26,3,15
709,1027,2024-08-04,1,10
710,1027,2024-07-29,4,15
711,1027,2024-07-30,1,12
712,1027,2024-08-05,2,18
713,1027,2024-07-24,4,10
714,1027,2024-08-07,1,15
715,1027,2024-07-21,1,20
716,1027,2024-07-19,3,18
717,1027,2024-08-07,3,18
718,1027,2024-07-26,1,20
719,1027,2024-07-31,2,18
720,1027,2024-08-02,2,15
721,1027,2024-07-29,3,18
722,1027,2024-08-03,1,12
723,1027,2024-07-25,3,18
724,1027,2024-07-29,4,10
725,1027,2024-07-27,3,12
726,1027,2024-07-23,2,18
727,1027,2024-08-04,2,15
728,1027,2024-08-07,4,15
729,1027,2024-07-19,4,15
730,1027,2024-07-24,3,18
731,1027,2024-07-19,2,15
732,1027,2024-07-28,2,18
733,1027,2024-07-28,2,18
734,1027,2024-07-28,3,18
735,1028,2024-08-17,3,18
736,1028,2024-08-16,4,15
737,1028,2024-08-21,2,20
738,1028,2024-08-07,2,20
739,1028,2024-08-24,4,12
740,1028,2024-08-10,3,10
741,1028,2024-08-11,4,12
742,1028,2024-08-15,2,15
743,1028,2024-08-20,4,18
744,1028,2024-08-22,4,20
745,1028,2024-08-09,4,20
746,1028,2024-08-08,4,20
747,1028,2024-08-23,3,20
748,1028,2024-08-05,1,10
749,1028,2024-08-17,3,12
750,1028,2024-08-05,1,20
751,1028,2024-08-12,3,18
752,1028,2024-08-21,1,10
753,1028,2024-08-16,2,20
754,1028,2024-08-08,2,18
755,1028,2024-08-13,4,18
756,1028,2024-08-06,2,15
757,1028,2024-08-24,4,10
758,1028,2024-08-15,4,10
759,1028,2024-08-21,2,15
760,1028,2024-08-15,3,18
761,1028,2024-08-18,4,15
762,1028,2024-08-09,1,18
763,1028,2024-08-10,3,10
764,1028,2024-08-15,1,10
765,1028,2024-08-24,3,10
766,1028,2024-08-19,2,20
767,1028,2024-08-19,2,15
768,1028,2024-08-07,4,18
769,1028,2024-08-17,4,12
770,1028,2024-08-19,4,18
771,1028,2024-08-24,2,18
772,1028,2024-08-06,4,18
773,1028,2024-08-24,2,12
774,1028,2024-08-16,1,20
775,1028,2024-08-21,2,15
776,1028,2024-08-14,2,18
777,1028,2024-08-21,3,18
778,1028,2024-08-08,3,20
779,1028,2024-08-12,4,20
780,1028,2024-08-21,3,15
781,1029,2024-07-17,2,15
782,1029,2024-07-17,1,12
783,1029,2024-07-26,1,12
784,1029,2024-07-27,1,12
785,1029,2024-07-25,2,20
786,1029,2024-07-24,4,20
787,1029,2024-08-01,4,18
788,1029,2024-07-31,4,20
789,1029,2024-07-31,2,18
790,1029,2024-07-27,2,12
791,1029,2024-07-26,4,20
792,1029,2024-08-04,3,10
793,1029,2024-07-21,2,12
794,1029,2024-07-24,4,18
795,1029,2024-07-21,4,18
796,1029,2024-07-21,2,10
797,1029,2024-07-18,1,12
798,1029,2024-07-27,1,15
799,1029,2024-07-29,3,12
800,1029,2024-07-22,4,20
801,1029,2024-07-20,1,20
802,1029,2024-08-02,3,20
803,1029,2024-07-25,1,18
804,1029,2024-07-19,2,18
805,1029,2024-08-02,2,15
806,1029,2024-08-04,4,15
807,1029,2024-07-25,1,18
808,1029,2024-08-02,2,12
809,1029,2024-07-18,3,20
810,1029,2024-07-23,2,20
811,1029,2024-08-01,2,12
812,1029,2024-08-04,3,20
813,1029,2024-07-28,2,15
814,1029,2024-07-27,3,20
815,1029,2024-07-28,1,12
816,1029,2024-07-23,1,15
817,1029,2024-08-01,2,12
818,1029,2024-08-01,3,12
819,1029,2024-07-24,4,12
820,1030,2024-08-04,4,18
821,1030,2024-07-29,1,10
822,1030,2024-07-31,3,15
823,1030,2024-07-29,4,15
824,1030,2024-07-25,1,10
825,1030,2024-07-29,3,10
826,1030,2024-07-26,4,12
827,1030,2024-07-30,2,18
828,1030,2024-08-04,3,15
829,1030,2024-08-02,2,20
830,1030,2024-07-28,3,10
831,1030,2024-08-11,1,18
832,1030,2024-08-12,1,12
833,1030,2024-07-29,4,10
834,1030,2024-07-30,2,12
835,1030,2024-08-03,2,15
836,1030,2024-08-10,3,15
837,1030,2024-08-10,3,12
838,1030,2024-08-11,4,15
839,1030,2024-08-05,4,10
840,1030,2024-08-09,1,12
841,1030,2024-07-28,1,12
842,1030,2024-07-25,2,20
843,1030,2024-07-29,1,10
844,1030,2024-08-02,1,18
845,1030,2024-08-08,4,10
846,1030,2024-08-05,4,10
847,1030,2024-08-09,1,15
848,1030,2024-08-01,3,12
849,1030,2024-07-31,2,12
850,1030,2024-08-10,1,20
851,1030,2024-08-07,4,15
852,1030,2024-08-06,2,18
853,1030,2024-07-24,4,12
854,1030,2024-08-10,1,12
855,1030,2024-08-09,4,15
856,1030,2024-07-30,3,12
857,1030,2024-08-05,3,10
858,1030,2024-08-05,3,10
859,1030,2024-08-03,2,20
860,1030,2024-07-24,2,18
861,1030,2024-08-03,1,12
862,1030,2024-07-28,4,10
863,1030,2024-08-05,4,20
864,1030,2024-08-10,1,15
865,1030,2024-08-02,2,18
866,1031,2024-08-04,3,20
867,1031,2024-08-12,4,10
868,1031,2024-08-17,1,10
869,1031,2024-08-09,2,10
870,1031,2024-08-16,4,20
871,1031,2024-08-08,4,18
872,1031,2024-08-05,1,20
873,1031,2024-07-31,2,15
874,1031,2024-08-15,3,10
875,1031,2024-08-01,2,12
876,1031,2024-07-31,3,18
877,1031,2024-07-30,1,15
878,1031,2024-08-04,2,10
879,1031,2024-08-10,1,18
880,1031,2024-08-14,4,20
881,1031,2024-07-29,1,15
882,1031,2024-08-12,1,10
883,1031,2024-08-13,1,12
884,1031,2024-08-02,3,20
885,1031,2024-08-01,3,12
886,1031,2024-08-06,2,15
887,1031,2024-08-14,1,15
888,1031,2024-08-04,3,20
889,1031,2024-08-15,3,20
890,1031,2024-08-15,4,18
891,1031,2024-08-01,3,10
892,1031,2024-08-02,2,15
893,1031,2024-08-12,3,10
894,1031,2024-07-30,1,12
895,1031,2024-08-01,1,10
896,1031,2024-08-17,2,10
897,1031,2024-08-02,3,18
898,1031,2024-08-13,2,10
899,1031,2024-07-31,4,12
900,1031,2024-08-07,2,18
901,1031,2024-08-07,3,10
902,1031,2024-07-30,3,10
903,1031,2024-08-01,1,12
904,1031,2024-08-10,1,18
905,1031,2024-08-15,4,15
906,1031,2024-08-08,3,10
907,1031,2024-07-31,4,10
908,1031,2024-08-06,2,15
909,1031,2024-07-30,3,20
910,1031,2024-08-10,4,15
911,1031,2024-07-30,4,12
912,1032,2024-08-17,2,10
913,1032,2024-08-11,1,12
914,1032,2024-08-07,3,10
915,1032,2024-08-14,1,18
916,1032,2024-08-15,1,12
917,1032,2024-08-08,2,18
918,1032,2024-08-09,1,12
919,1032,2024-08-16,1,10
920,1032,2024-08-17,4,15
921,1032,2024-08-10,1,20
922,1032,2024-08-21,2,18
923,1032,2024-08-22,1,18
924,1032,2024-08-20,2,15
925,1032,2024-08-16,3,18
926,1032,2024-08-14,3,18
927,1032,2024-08-16,2,10
928,1032,2024-08-18,2,20
929,1032,2024-08-21,2,10
930,1032,2024-08-19,4,18
931,1032,2024-08-14,4,10
932,1032,2024-08-07,3,12
933,1032,2024-08-10,3,18
934,1032,2024-08-16,1,10
935,1032,2024-08-19,3,20
936,1032,2024-08-23,2,15
937,1032,2024-08-20,1,12
938,1032,2024-08-13,4,20
939,1032,2024-08-23,3,15
940,1032,2024-08-19,1,18
941,1032,2024-08-10,2,10
942,1032,2024-08-10,1,12
943,1032,2024-08-21,1,10
944,1032,2024-08-17,2,12
945,1032,2024-08-12,3,10
946,1032,2024-08-06,3,10
947,1032,2024-08-24,1,12
948,1032,2024-08-10,2,10
949,1032,2024-08-14,1,10
950,1032,2024-08-10,1,12
951,1032,2024-08-06,4,18
952,1032,2024-08-09,1,18
953,1032,2024-08-11,2,15
954,1032,2024-08-18,2,15
955,1032,2024-08-16,4,12
956,1033,2024-07-25,2,15
957,1033,2024-07-29,4,20
958,1033,2024-07-29,1,10
959,1033,2024-08-05,4,12
960,1033,2024-07-31,2,20
961,1033,2024-08-06,1,18
962,1033,2024-08-02,4,20
963,1033,2024-07-29,3,20
964,1033,2024-07-28,3,18
965,1033,2024-08-05,2,10
966,1033,2024-08-03,2,10
967,1033,2024-08-05,1,18
968,1034,2024-08-17,2,12
969,1034,2024-08-25,2,12
970,1034,2024-08-20,1,12
971,1034,2024-08-10,4,15
972,1034,2024-08-23,2,12
973,1034,2024-08-10,3,15
974,1034,2024-08-10,1,15
975,1034,2024-08-10,2,20
976,1034,2024-08-22,4,20
977,1034,2024-08-19,2,18
978,1034,2024-08-27,1,10
979,1034,2024-08-21,2,10
980,1034,2024-08-12,4,10
981,1034,2024-08-18,2,12
982,1034,2024-08-18,2,15
983,1034,2024-08-27,1,12
984,1034,2024-08-10,2,10
985,1034,2024-08-12,3,10
986,1034,2024-08-17,4,20
987,1034,2024-08-25,3,15
988,1034,2024-08-18,2,12
989,1034,2024-08-15,4,15
990,1034,2024-08-23,3,12
991,1034,2024-08-10,2,18
992,1034,2024-08-19,3,12
993,1034,2024-08-23,1,20
994,1034,2024-08-16,1,12
995,1034,2024-08-09,3,20
996,1034,2024-08-21,1,18
997,1034,2024-08-24,3,10
998,1034,2024-08-21,3,15
999,1034,2024-08-23,1,15
1000,1034,2024-08-14,1,15
1001,1034,2024-08-22,2,10
1002,1034,2024-08-17,3,10
1003,1034,2024-08-28,1,18
1004,1034,2024-08-14,4,12
1005,1034,2024-08-15,4,18
1006,1034,2024-08-17,4,10
1007,1034,2024-08-13,2,12
1008,1034,2024-08-14,1,10
1009,1034,2024-08-19,1,15
1010,1034,2024-08-20,1,10
1011,1035,2024-08-24,4,12
1012,1035,2024-08-27,1,15
1013,1035,2024-08-10,4,10
1014,1035,2024-08-16,2,20
1015,1035,2024-08-16,2,10
1016,1035,2024-08-26,3,12
1017,1035,2024-08-23,4,20
1018,1035,2024-08-12,3,15
1019,1035,2024-08-20,2,10
1020,1035,2024-08-28,4,20
1021,1035,2024-08-12,4,12
1022,1035,2024-08-28,3,10
1023,1035,2024-08-16,1,15
1024,1035,2024-08-10,4,12
1025,1035,2024-08-26,1,12
1026,1035,2024-08-24,3,10
1027,1035,2024-08-14,1,15
1028,1035,2024-08-17,4,18
1029,1035,2024-08-21,1,20
1030,1035,2024-08-17,2,15
1031,1035,2024-08-17,3,12
1032,1035,2024-08-15,1,15
1033,1035,2024-08-15,4,15
1034,1035,2024-08-22,3,20
1035,1035,2024-08-28,2,10
1036,1035,2024-08-27,3,20
1037,1035,2024-08-16,2,20
1038,1035,2024-08-28,4,20
1039,1035,2024-08-16,4,20
1040,1035,2024-08-22,4,15
1041,1035,2024-08-27,4,10
1042,1036,2024-08-01,2,10
1043,1036,2024-08-05,2,12
1044,1036,2024-08-13,2,12
1045,1036,2024-08-18,4,10
1046,1036,2024-08-06,2,12
1047,1036,2024-07-31,3,15
1048,1036,2024-08-17,1,18
1049,1036,2024-08-02,4,20
1050,1036,2024-08-09,3,20
1051,1036,2024-08-05,1,20
1052,1036,2024-08-01,4,10
1053,1036,2024-08-06,2,12
1054,1036,2024-08-01,1,10
1055,1036,2024-08-01,1,15
1056,1036,2024-08-02,3,18
1057,1036,2024-08-11,4,18
1058,1036,2024-08-01,4,10
1059,1036,2024-08-14,3,18
1060,1036,2024-08-15,4,10
1061,1036,2024-08-07,3,12
1062,1036,2024-08-18,4,15
1063,1036,2024-08-08,1,15
1064,1036,2024-08-10,3,15
1065,1036,2024-08-04,1,12
1066,1036,2024-08-15,3,18
1067,1036,2024-08-09,3,18
1068,1036,2024-07-31,1,12
1069,1036,2024-08-05,2,18
1070,1036,2024-08-04,3,10
1071,1036,2024-08-03,2,10
1072,1036,2024-08-10,4,12
1073,1036,2024-08-03,1,12
1074,1036,2024-08-13,2,10
1075,1036,2024-08-12,1,18
1076,1036,2024-08-18,3,12
1077,1036,2024-08-11,3,18
1078,1036,2024-08-03,4,10
1079,1036,2024-08-19,2,15
1080,1036,2024-08-04,4,12
1081,1036,2024-08-04,3,15
1082,1036,2024-08-14,3,10
1083,1036,2024-08-10,1,18
1084,1037,2024-07-31,2,12
1085,1037,2024-07-29,2,15
1086,1037,2024-07-23,1,10
1087,1037,2024-07-21,2,12
1088,1037,2024-07-17,1,12
1089,1037,2024-07-28,3,15
1090,1037,2024-07-23,4,15
1091,1037,2024-07-22,3,12
1092,1037,2024-07-22,3,20
1093,1037,2024-07-17,4,20
1094,1037,2024-08-02,1,20
1095,1037,2024-07-25,3,15
1096,1037,2024-08-02,4,10
1097,1038,2024-08-02,3,15
1098,1038,2024-08-02,3,12
1099,1038,2024-08-06,2,10
1100,1038,2024-07-22,4,15
1101,1038,2024-08-06,1,18
1102,1038,2024-08-01,3,18
1103,1038,2024-07-29,4,10
1104,1038,2024-07-23,2,15
1105,1038,2024-08-03,4,15
1106,1038,2024-07-25,3,12
1107,1038,2024-07-24,2,15
1108,1038,2024-08-07,4,12
1109,1038,2024-08-02,2,15
1110,1038,2024-08-08,2,15
1111,1038,2024-08-03,3,18
1112,1038,2024-07-31,3,15
1113,1038,2024-07-23,3,18
1114,1038,2024-08-07,4,10
1115,1038,2024-07-23,1,18
1116,1038,2024-08-04,1,18
1117,1038,2024-07-25,3,18
1118,1038,2024-08-09,2,12
1119,1038,2024-08-04,3,18
1120,1038,2024-07-23,4,12
1121,1038,2024-07-31,2,10
1122,1038,2024-07-26,3,12
1123,1038,2024-07-31,1,10
1124,1038,2024-07-27,3,12
1125,1038,2024-08-05,2,18
1126,1038,2024-08-08,2,20
1127,1038,2024-07-28,4,18
1128,1039,2024-08-13,4,10
1129,1039,2024-08-27,2,15
1130,1039,2024-08-28,3,20
1131,1039,2024-08-22,1,10
1132,1039,2024-08-21,2,15
1133,1039,2024-08-19,2,10
1134,1039,2024-08-16,3,12
1135,1039,2024-08-26,1,15
1136,1039,2024-08-19,4,20
1137,1039,2024-08-09,3,18
1138,1039,2024-08-24,3,18
1139,1039,2024-08-17,2,12
1140,1039,2024-08-16,1,12
1141,1039,2024-08-21,2,12
1142,1039,2024-08-28,2,10
1143,1039,2024-08-17,1,18
1144,1039,2024-08-20,1,20
1145,1039,2024-08-27,1,10
1146,1039,2024-08-27,1,18
1147,1039,2024-08-14,4,10
1148,1039,2024-08-11,3,18
1149,1039,2024-08-24,2,10
1150,1039,2024-08-19,4,10
1151,1039,2024-08-12,3,20
1152,1039,2024-08-09,2,18
1153,1039,2024-08-25,1,15
1154,1039,2024-08-25,1,18
1155,1039,2024-08-22,2,15
1156,1039,2024-08-12,2,15
1157,1039,2024-08-15,3,12
1158,1039,2024-08-27,4,12
1159,1039,2024-08-13,3,12
1160,1039,2024-08-28,1,10
1161,1039,2024-08-25,4,12
1162,1039,2024-08-26,1,10
1163,1039,2024-08-20,2,18
1164,1039,2024-08-19,3,18
1165,1040,2024-08-25,2,10
1166,1040,2024-08-19,3,15
1167,1040,2024-08-15,1,10
1168,1040,2024-08-27,1,12
1169,1040,2024-08-23,3,15
1170,1040,2024-08-14,3,10
1171,1040,2024-08-17,3,12
1172,1040,2024-08-25,4,18
1173,1040,2024-08-14,3,18
1174,1040,2024-08-13,4,12
1175,1040,2024-08-25,2,10
1176,1040,2024-08-23,1,18
1177,1040,2024-08-10,4,20
1178,1041,2024-08-10,4,15
1179,1041,2024-07-27,1,12
1180,1041,2024-07-31,4,10
1181,1041,2024-08-02,4,10
1182,1041,2024-08-13,3,15
1183,1041,2024-08-15,2,15
1184,1041,2024-07-30,1,18
1185,1041,2024-08-08,4,15
1186,1041,2024-08-03,2,20
1187,1041,2024-07-27,1,10
1188,1041,2024-08-10,4,18
1189,1041,2024-08-10,1,18
1190,1041,2024-08-05,2,15
1191,1041,2024-08-07,1,20
1192,1041,2024-08-08,4,18
1193,1041,2024-08-08,1,18
1194,1041,2024-08-01,4,10
1195,1041,2024-07-31,4,15
1196,1041,2024-08-12,4,10
1197,1041,2024-08-12,4,18
1198,1041,2024-08-14,1,10
1199,1041,2024-07-27,3,20
1200,1041,2024-07-29,2,18
1201,1041,2024-08-05,3,10
1202,1041,2024-08-08,4,15
1203,1041,2024-07-29,4,15
1204,1041,2024-08-01,1,10
1205,1041,2024-08-08,1,15
1206,1041,2024-08-04,3,20
1207,1041,2024-07-30,3,10
1208,1041,2024-08-14,2,18
1209,1041,2024-08-11,4,10
1210,1041,2024-08-07,2,12
1211,1041,2024-08-12,4,12
1212,1041,2024-08-01,2,15
1213,1041,2024-08-12,4,10
1214,1041,2024-07-28,1,18
1215,1041,2024-08-01,2,18
1216,1042,2024-08-05,1,20
1217,1042,2024-08-08,4,20
1218,1042,2024-08-16,2,12
1219,1042,2024-08-18,4,20
1220,1042,2024-08-02,3,20
1221,1042,2024-08-09,4,20
1222,1042,2024-08-14,3,18
1223,1042,2024-08-11,3,18
1224,1042,2024-08-17,2,18
1225,1042,2024-08-02,3,20
1226,1043,2024-07-30,2,12
1227,1043,2024-08-10,3,15
1228,1043,2024-08-12,2,20
1229,1043,2024-07-30,3,10
1230,1043,2024-08-05,4,20
1231,1043,2024-07-29,4,20
1232,1043,2024-08-07,4,10
1233,1043,2024-07-31,1,10
1234,1043,2024-08-04,2,10
1235,1043,2024-08-15,2,15
1236,1043,2024-08-11,3,15
1237,1043,2024-08-12,1,15
1238,1043,2024-08-10,1,15
1239,1043,2024-08-02,1,20
1240,1043,2024-07-30,2,20
1241,1043,2024-08-04,2,20
1242,1043,2024-08-07,1,18
1243,1043,2024-08-04,4,15
1244,1043,2024-07-30,1,10
1245,1043,2024-08-08,2,20
1246,1043,2024-08-02,2,15
1247,1043,2024-07-29,2,12
1248,1043,2024-08-07,4,12
1249,1043,2024-08-14,2,12
1250,1043,2024-07-31,1,18
1251,1043,2024-08-15,4,15
1252,1043,2024-07-30,3,12
1253,1043,2024-08-11,3,10
1254,1043,2024-08-06,4,12
1255,1043,2024-08-15,2,15
1256,1044,2024-08-23,3,18
1257,1044,2024-08-06,3,10
1258,1044,2024-08-14,2,12
1259,1044,2024-08-08,1,20
1260,1044,2024-08-19,4,20
1261,1044,2024-08-07,4,10
1262,1044,2024-08-13,2,12
1263,1044,2024-08-14,3,15
1264,1044,2024-08-15,2,20
1265,1044,2024-08-08,4,20
1266,1044,2024-08-24,1,15
1267,1044,2024-08-10,2,20
1268,1044,2024-08-05,2,10
1269,1044,2024-08-14,4,10
1270,1044,2024-08-12,3,20
1271,1044,2024-08-15,1,20
1272,1044,2024-08-13,4,18
1273,1044,2024-08-23,3,12
1274,1044,2024-08-14,1,10
1275,1044,2024-08-19,1,10
1276,1044,2024-08-18,2,18
1277,1044,2024-08-21,2,20
1278,1044,2024-08-11,1,12
1279,1044,2024-08-24,4,15
1280,1044,2024-08-23,1,10
1281,1044,2024-08-23,2,15
1282,1044,2024-08-07,1,20
1283,1044,2024-08-17,3,18
1284,1044,2024-08-12,4,18
1285,1044,2024-08-11,3,10
1286,1044,2024-08-12,1,20
1287,1044,2024-08-24,1,20
1288,1044,2024-08-23,1,15
1289,1044,2024-08-08,1,15
1290,1044,2024-08-15,1,15
1291,1044,2024-08-10,4,18
1292,1044,2024-08-24,4,12
1293,1044,2024-08-07,2,12
1294,1044,2024-08-12,3,12
1295,1044,2024-08-15,3,10
1296,1044,2024-08-07,2,10
1297,1044,2024-08-23,1,20
1298,1044,2024-08-05,4,20
1299,1044,2024-08-07,1,15
1300,1044,2024-08-18,3,12
1301,1044,2024-08-11,2,12
1302,1044,2024-08-19,2,20
1303,1044,2024-08-16,2,10
1304,1045,2024-08-02,1,20
1305,1045,2024-08-06,1,15
1306,1045,2024-08-18,3,10
1307,1045,2024-08-14,4,15
1308,1045,2024-08-09,2,12
1309,1045,2024-08-17,3,20
1310,1045,2024-08-18,2,15
1311,1045,2024-08-05,4,15
1312,1045,2024-08-01,3,20
1313,1045,2024-08-16,3,15
1314,1045,2024-08-07,2,10
1315,1045,2024-08-10,2,12
1316,1045,2024-08-07,3,15
1317,1045,2024-08-16,3,18
1318,1045,2024-08-06,4,15
1319,1045,2024-08-11,4,20
1320,1045,2024-08-17,2,20
1321,1045,2024-08-18,3,12
1322,1045,2024-08-03,2,15
1323,1045,2024-08-18,1,10
1324,1045,2024-08-04,1,20
1325,1046,2024-07-22,2,10
1326,1046,2024-07-17,3,20
1327,1046,2024-07-17,4,12
1328,1046,2024-07-23,4,12
1329,1046,2024-07-16,3,12
1330,1046,2024-07-20,1,18
1331,1046,2024-07-23,1,12
1332,1046,2024-07-15,2,20
1333,1046,2024-07-30,4,12
1334,1046,2024-07-29,2,18
1335,1046,2024-07-23,1,12
1336,1046,2024-07-19,2,10
1337,1046,2024-07-26,3,12
1338,1046,2024-08-02,2,20
1339,1046,2024-07-23,4,18
1340,1046,2024-07-20,1,10
1341,1046,2024-07-24,1,20
1342,1046,2024-07-26,3,20
1343,1046,2024-07-17,2,18
1344,1046,2024-07-22,3,20
1345,1046,2024-08-01,3,18
1346,1046,2024-07-27,4,15
1347,1046,2024-07-23,4,18
1348,1046,2024-07-15,1,20
1349,1046,2024-07-30,4,12
1350,1046,2024-07-27,1,20
1351,1046,2024-07-26,2,12
1352,1046,2024-07-29,2,15
1353,1046,2024-07-15,1,12
1354,1046,2024-07-21,3,10
1355,1046,2024-07-19,4,18
1356,1046,2024-07-28,2,18
1357,1046,2024-08-03,2,10
1358,1046,2024-07-30,2,12
1359,1046,2024-07-18,1,20
1360,1046,2024-07-30,1,12
1361,1046,2024-07-26,2,20
1362,1046,2024-07-22,1,15
1363,1046,2024-08-01,2,18
1364,1046,2024-07-15,4,18
1365,1046,2024-07-29,2,18
1366,1046,2024-07-15,2,20
1367,1046,2024-07-29,3,12
1368,1046,2024-07-24,4,20
1369,1046,2024-07-16,1,12
1370,1046,2024-07-22,4,12
1371,1046,2024-07-31,1,12
1372,1047,2024-07-15,4,12
1373,1047,2024-07-12,1,12
1374,1047,2024-07-16,1,20
1375,1047,2024-07-15,1,10
1376,1047,2024-07-16,2,20
1377,1047,2024-07-14,1,18
1378,1047,2024-07-15,4,15
1379,1047,2024-07-30,4,12
1380,1047,2024-07-16,4,15
1381,1047,2024-07-13,1,18
1382,1047,2024-07-27,3,18
1383,1047,2024-07-24,1,15
1384,1047,2024-07-12,4,15
1385,1047,2024-07-25,1,10
1386,1047,2024-07-13,1,20
1387,1047,2024-07-31,4,12
1388,1047,2024-07-21,4,15
1389,1047,2024-07-28,2,18
1390,1047,2024-07-13,3,15
1391,1047,2024-07-14,4,20
1392,1047,2024-07-20,3,18
1393,1047,2024-07-25,4,20
1394,1047,2024-07-14,4,12
1395,1047,2024-07-20,4,15
1396,1047,2024-07-22,3,18
1397,1047,2024-07-27,1,12
1398,1047,2024-07-17,2,10
1399,1047,2024-07-25,4,15
1400,1047,2024-07-14,1,12
1401,1047,2024-07-19,1,10
1402,1047,2024-07-27,4,20
1403,1047,2024-07-18,1,10
1404,1047,2024-07-23,2,15
1405,1047,2024-07-29,1,18
1406,1047,2024-07-19,3,20
1407,1047,2024-07-30,2,18
1408,1047,2024-07-17,1,12
1409,1047,2024-07-15,3,12
1410,1047,2024-07-30,2,20
1411,1047,2024-07-26,1,15
1412,1047,2024-07-24,1,12
1413,1047,2024-07-29,3,18
1414,1047,2024-07-20,4,18
1415,1048,2024-08-01,1,10
1416,1048,2024-08-05,3,20
1417,1048,2024-07-20,3,15
1418,1048,2024-07-30,2,20
1419,1048,2024-08-01,4,18
1420,1048,2024-07-20,1,15
1421,1048,2024-08-02,4,20
1422,1048,2024-08-04,1,20
1423,1048,2024-07-29,3,10
1424,1048,2024-07-22,3,20
1425,1048,2024-07-20,3,18
1426,1048,2024-07-26,4,12
1427,1048,2024-07-28,4,18
1428,1048,2024-07-20,1,18
1429,1048,2024-08-04,3,10
1430,1048,2024-07-26,2,12
1431,1048,2024-07-28,4,15
1432,1048,2024-07-22,1,15
1433,1048,2024-07-31,3,10
1434,1048,2024-07-26,3,10
1435,1048,2024-07-21,2,18
1436,1048,2024-07-28,3,12
1437,1048,2024-07-20,3,12
1438,1048,2024-08-01,4,12
1439,1048,2024-07-31,2,15
1440,1048,2024-08-01,2,12
1441,1048,2024-07-31,3,12
1442,1048,2024-08-04,1,10
1443,1048,2024-07-23,1,20
1444,1048,2024-08-06,4,15
1445,1048,2024-07-19,3,18
1446,1048,2024-07-20,3,18
1447,1048,2024-08-02,3,18
1448,1048,2024-07-31,2,10
1449,1048,2024-07-22,4,18
1450,1048,2024-07-21,1,20
1451,1048,2024-07-27,4,12
1452,1048,2024-07-24,1,20
1453,1048,2024-07-24,3,10
1454,1048,2024-08-07,2,18
1455,1048,2024-07-20,1,15
1456,1048,2024-07-27,3,12
1457,1048,2024-07-21,3,12
1458,1048,2024-07-30,4,20
1459,1048,2024-07-28,3,12
1460,1048,2024-07-23,4,12
1461,1048,2024-07-25,3,15
1462,1049,2024-07-24,4,12
1463,1049,2024-07-14,2,20
1464,1049,2024-07-25,1,15
1465,1049,2024-07-25,4,18
1466,1049,2024-07-26,2,12
1467,1049,2024-07-17,1,12
1468,1049,2024-07-19,4,12
1469,1049,2024-07-16,3,18
1470,1049,2024-07-23,3,20
1471,1049,2024-07-14,1,18
1472,1049,2024-07-29,2,10
1473,1049,2024-07-26,3,18
1474,1049,2024-07-29,4,15
1475,1049,2024-07-24,3,15
1476,1049,2024-07-15,3,15
1477,1049,2024-08-01,4,10
1478,1049,2024-07-21,2,20
1479,1049,2024-07-14,2,15
1480,1049,2024-07-21,3,20
1481,1049,2024-07-17,4,10
1482,1049,2024-07-20,3,18
1483,1049,2024-07-28,2,15
1484,1049,2024-07-19,4,10
1485,1049,2024-07-30,2,15
1486,1049,2024-07-25,3,15
1487,1049,2024-07-23,3,20
1488,1049,2024-07-20,3,18
1489,1049,2024-07-21,4,18
1490,1049,2024-07-27,2,10
1491,1049,2024-07-28,2,15
1492,1049,2024-07-30,2,12
1493,1049,2024-07-20,1,10
1494,1049,2024-07-30,4,20
1495,1049,2024-07-31,1,18
1496,1049,2024-07-16,1,10
1497,1050,2024-07-14,2,10
1498,1050,2024-07-21,3,12
1499,1050,2024-07-26,3,18
1500,1050,2024-07-29,2,20
1501,1050,2024-07-28,1,10
1502,1050,2024-07-22,3,18
1503,1050,2024-07-19,3,20
1504,1050,2024-07-19,2,20
1505,1050,2024-07-28,4,20
1506,1050,2024-07-20,3,15
1507,1050,2024-07-18,2,10
1508,1050,2024-07-19,3,15
1509,1050,2024-07-20,3,12
1510,1050,2024-07-24,1,10
1511,1050,2024-07-17,2,15
1512,1050,2024-07-24,4,20
1513,1050,2024-08-02,4,18
1514,1050,2024-07-24,1,18
1515,1050,2024-07-24,2,10
1516,1050,2024-07-16,3,12
1517,1050,2024-07-20,4,18
1518,1050,2024-07-26,2,18
1519,1050,2024-07-21,2,15
1520,1050,2024-07-31,4,12
1521,1050,2024-07-17,3,15
1522,1050,2024-07-16,3,18
1523,1051,2024-08-13,2,12
1524,1051,2024-08-06,1,18
1525,1051,2024-07-27,4,15
1526,1051,2024-07-27,4,12
1527,1051,2024-08-05,1,12
1528,1051,2024-08-14,1,12
1529,1051,2024-08-12,3,15
1530,1051,2024-08-11,4,10
1531,1051,2024-08-08,1,12
1532,1051,2024-08-15,4,12
1533,1051,2024-08-05,4,15
1534,1051,2024-07-31,3,18
1535,1051,2024-08-14,3,10
1536,1051,2024-08-11,1,15
1537,1051,2024-08-03,1,20
1538,1051,2024-07-31,2,12
1539,1051,2024-08-07,4,10
1540,1051,2024-08-12,2,18
1541,1051,2024-08-01,2,10
1542,1051,2024-08-09,4,10
1543,1051,2024-07-30,2,18
1544,1051,2024-08-03,3,15
1545,1052,2024-08-28,1,15
1546,1052,2024-08-14,3,12
1547,1052,2024-08-18,1,12
1548,1052,2024-08-26,2,18
1549,1052,2024-08-19,1,12
1550,1052,2024-08-21,1,18
1551,1052,2024-08-22,1,10
1552,1052,2024-08-11,4,20
1553,1052,2024-08-25,3,10
1554,1052,2024-08-22,2,18
1555,1052,2024-08-27,3,10
1556,1052,2024-08-28,3,12
1557,1052,2024-08-12,1,12
1558,1052,2024-08-14,2,15
1559,1052,2024-08-12,3,18
1560,1052,2024-08-23,1,18
1561,1052,2024-08-18,2,15
1562,1052,2024-08-28,4,18
1563,1052,2024-08-12,3,20
1564,1052,2024-08-14,2,20
1565,1053,2024-08-08,3,15
1566,1053,2024-08-11,3,20
1567,1053,2024-08-08,2,10
1568,1053,2024-08-09,2,18
1569,1053,2024-08-16,3,20
1570,1053,2024-08-14,4,10
1571,1053,2024-08-09,4,12
1572,1053,2024-08-25,3,20
1573,1053,2024-08-18,3,10
1574,1053,2024-08-08,4,12
1575,1053,2024-08-09,4,20
1576,1053,2024-08-21,3,15
1577,1053,2024-08-12,3,10
1578,1053,2024-08-22,1,10
1579,1053,2024-08-21,2,10
1580,1053,2024-08-19,1,18
1581,1053,2024-08-19,1,10
1582,1053,2024-08-07,4,18
1583,1053,2024-08-09,3,10
1584,1053,2024-08-14,2,20
1585,1053,2024-08-23,1,12
1586,1054,2024-08-01,4,10
1587,1054,2024-07-23,4,15
1588,1054,2024-08-02,3,20
1589,1054,2024-08-02,1,15
1590,1054,2024-08-01,2,20
1591,1054,2024-07-31,1,12
1592,1054,2024-07-17,4,12
1593,1054,2024-07-28,2,20
1594,1054,2024-07-29,4,10
1595,1054,2024-07-16,3,18
1596,1054,2024-07-21,1,12
1597,1054,2024-07-29,4,20
1598,1054,2024-07-24,2,20
1599,1054,2024-07-15,4,15
1600,1054,2024-07-24,3,15
1601,1054,2024-07-21,4,15
1602,1054,2024-07-15,2,20
1603,1054,2024-07-17,2,18
1604,1054,2024-07-17,3,15
1605,1054,2024-07-20,4,18
1606,1054,2024-08-03,1,15
1607,1054,2024-07-15,1,20
1608,1054,2024-07-30,3,10
1609,1054,2024-07-25,2,12
1610,1054,2024-07-24,1,15
1611,1054,2024-07-17,2,10
1612,1054,2024-08-02,4,15
1613,1054,2024-07-30,2,15
1614,1054,2024-07-23,2,12
1615,1054,2024-07-26,3,10
1616,1054,2024-07-16,4,20
1617,1054,2024-07-28,1,15
1618,1054,2024-07-19,2,18
1619,1054,2024-07-16,1,20
1620,1054,2024-07-25,1,20
1621,1054,2024-07-22,1,10
1622,1054,2024-07-24,3,18
1623,1054,2024-07-21,1,12
1624,1054,2024-07-15,1,18
1625,1054,2024-08-02,3,20
1626,1054,2024-08-02,3,20
1627,1055,2024-08-10,3,20
1628,1055,2024-08-07,2,10
1629,1055,2024-08-02,4,20
1630,1055,2024-07-27,1,12
1631,1055,2024-08-01,3,18
1632,1055,2024-08-10,2,15
1633,1055,2024-08-12,4,20
1634,1055,2024-08-13,4,15
1635,1055,2024-08-12,4,20
1636,1055,2024-08-01,2,12
1637,1055,2024-07-30,2,18
1638,1055,2024-08-02,2,20
1639,1055,2024-07-26,2,12
1640,1055,2024-08-12,3,18
1641,1055,2024-08-04,1,10
1642,1055,2024-08-01,4,15
1643,1055,2024-08-03,2,15
1644,1055,2024-08-03,1,15
1645,1055,2024-08-09,3,20
1646,1055,2024-07-31,2,18
1647,1055,2024-08-13,2,12
1648,1055,2024-08-03,2,10
1649,1055,2024-08-11,1,12
1650,1055,2024-07-26,2,15
1651,1055,2024-08-14,3,10
1652,1055,2024-08-05,4,18
1653,1055,2024-08-14,3,12
1654,1055,2024-07-28,2,12
1655,1055,2024-07-28,3,20
1656,1055,2024-07-30,2,10
1657,1055,2024-08-02,1,15
1658,1055,2024-08-09,1,15
1659,1055,2024-08-08,3,10
1660,1055,2024-07-31,1,10
1661,1055,2024-08-02,3,15
1662,1055,2024-08-11,1,15
1663,1055,2024-08-02,2,18
1664,1055,2024-07-29,1,15
1665,1055,2024-07-30,1,12
1666,1055,2024-08-08,4,20
1667,1055,2024-08-14,1,12
1668,1055,2024-07-29,3,15
1669,1055,2024-07-30,4,12
1670,1055,2024-08-14,3,15
1671,1055,2024-08-03,3,12
1672,1055,2024-07-29,3,10
1673,1056,2024-08-15,4,10
1674,1056,2024-08-06,3,12
1675,1056,2024-08-19,3,18
1676,1056,2024-08-19,1,18
1677,1056,2024-08-07,2,18
1678,1056,2024-08-16,2,18
1679,1056,2024-08-14,3,18
1680,1056,2024-08-06,2,12
1681,1056,2024-08-19,2,12
1682,1056,2024-08-14,2,18
1683,1056,2024-08-19,2,15
1684,1056,2024-08-21,1,12
1685,1056,2024-08-13,2,10
1686,1056,2024-08-13,4,18
1687,1056,2024-08-14,4,15
1688,1056,2024-08-19,2,10
1689,1056,2024-08-19,2,10
1690,1056,2024-08-04,3,20
1691,1056,2024-08-05,2,20
1692,1056,2024-08-16,2,10
1693,1056,2024-08-12,1,18
1694,1056,2024-08-19,4,15
1695,1056,2024-08-18,4,18
1696,1056,2024-08-08,2,12
1697,1056,2024-08-17,2,10
1698,1056,2024-08-10,1,15
1699,1056,2024-08-10,2,12
1700,1056,2024-08-17,1,12
1701,1056,2024-08-09,4,15
1702,1056,2024-08-09,2,18
1703,1056,2024-08-11,1,20
1704,1056,2024-08-11,3,18
1705,1056,2024-08-04,1,20
1706,1056,2024-08-20,4,18
1707,1056,2024-08-22,2,20
1708,1056,2024-08-06,4,10
1709,1056,2024-08-06,4,20
1710,1056,2024-08-22,2,15
1711,1056,2024-08-09,4,15
1712,1056,2024-08-14,4,12
1713,1056,2024-08-10,3,20
1714,1056,2024-08-22,2,18
1715,1056,2024-08-09,1,20
1716,1056,2024-08-20,2,20
1717,1056,2024-08-06,2,18
1718,1056,2024-08-10,3,18
1719,1056,2024-08-23,2,18
1720,1056,2024-08-05,2,18
1721,1056,2024-08-21,3,15
1722,1056,2024-08-18,1,10
1723,1057,2024-07-23,3,10
1724,1057,2024-07-21,4,20
1725,1057,2024-07-18,2,18
1726,1057,2024-07-20,4,10
1727,1057,2024-08-01,3,20
1728,1057,2024-08-02,2,12
1729,1057,2024-08-01,1,18
1730,1057,2024-07-28,3,18
1731,1057,2024-07-28,2,10
1732,1057,2024-08-02,2,10
1733,1057,2024-07-18,3,10
1734,1057,2024-07-23,4,18
1735,1057,2024-07-20,1,20
1736,1057,2024-07-22,2,12
1737,1057,2024-07-19,4,18
1738,1057,2024-07-24,4,10
1739,1057,2024-07-18,1,12
1740,1058,2024-07-28,2,10
1741,1058,2024-07-31,2,10
1742,1058,2024-07-25,1,12
1743,1058,2024-08-04,3,15
1744,1058,2024-08-03,1,10
1745,1058,2024-07-23,2,12
1746,1058,2024-07-27,2,18
1747,1058,2024-07-18,3,10
1748,1058,2024-08-03,3,15
1749,1058,2024-07-25,4,10
1750,1058,2024-07-23,1,15
1751,1058,2024-07-21,2,10
1752,1058,2024-07-28,3,20
1753,1058,2024-07-23,2,12
1754,1058,2024-07-17,1,10
1755,1058,2024-07-18,1,18
1756,1058,2024-07-17,3,18
1757,1058,2024-07-17,3,15
1758,1058,2024-07-20,3,12
1759,1058,2024-07-17,4,20
1760,1058,2024-07-21,4,12
1761,1058,2024-07-17,2,15
1762,1058,2024-07-30,1,10
1763,1058,2024-08-05,4,10
1764,1058,2024-07-30,4,18
1765,1058,2024-08-04,3,15
1766,1058,2024-07-19,2,10
1767,1058,2024-07-30,3,15
1768,1058,2024-08-03,3,15
1769,1058,2024-07-20,3,10
1770,1058,2024-08-02,3,15
1771,1058,2024-07-24,1,12
1772,1058,2024-07-30,3,15
1773,1058,2024-07-21,4,10
1774,1058,2024-08-01,4,12
1775,1058,2024-07-22,3,18
1776,1058,2024-07-23,1,20
1777,1058,2024-07-27,3,20
1778,1058,2024-07-19,1,12
1779,1058,2024-07-18,3,15
1780,1058,2024-08-03,2,15
1781,1058,2024-08-05,3,18
1782,1058,2024-07-19,2,20
1783,1058,2024-07-17,4,12
1784,1058,2024-07-17,1,15
1785,1059,2024-08-13,3,18
1786,1059,2024-08-12,4,12
1787,1059,2024-08-03,4,15
1788,1059,2024-08-08,3,12
1789,1059,2024-08-11,3,10
1790,1059,2024-08-08,1,18
1791,1059,2024-07-29,1,18
1792,1059,2024-07-29,2,12
1793,1059,2024-08-04,4,20
1794,1059,2024-08-05,3,12
1795,1059,2024-08-11,2,12
1796,1059,2024-08-13,4,18
1797,1059,2024-07-29,1,10
1798,1059,2024-08-05,1,20
1799,1059,2024-08-12,3,18
1800,1059,2024-08-13,1,20
1801,1059,2024-08-05,1,20
1802,1059,2024-08-05,2,15
1803,1059,2024-08-08,2,15
1804,1059,2024-08-06,3,18
1805,1059,2024-08-11,3,12
1806,1059,2024-08-09,3,10
1807,1059,2024-08-14,1,12
1808,1059,2024-07-28,3,20
1809,1059,2024-08-04,3,12
1810,1059,2024-08-05,2,12
1811,1059,2024-08-12,3,20
1812,1059,2024-08-04,4,10
1813,1059,2024-08-10,1,18
1814,1059,2024-08-13,1,18
1815,1060,2024-08-15,4,18
1816,1060,2024-08-12,4,20
1817,1060,2024-08-06,3,15
1818,1060,2024-08-11,1,18
1819,1060,2024-07-30,2,10
1820,1060,2024-08-03,1,18
1821,1060,2024-08-08,4,18
1822,1060,2024-08-10,2,12
1823,1060,2024-07-29,3,15
1824,1060,2024-08-05,2,15
1825,1060,2024-08-07,4,18
1826,1060,2024-08-17,1,18
1827,1060,2024-08-14,3,18
1828,1061,2024-08-08,3,15
1829,1061,2024-07-25,2,20
1830,1061,2024-08-10,4,10
1831,1061,2024-08-03,1,15
1832,1061,2024-07-27,4,18
1833,1061,2024-07-26,4,12
1834,1061,2024-07-25,2,20
1835,1061,2024-08-08,4,18
1836,1061,2024-08-11,3,12
1837,1061,2024-07-26,4,18
1838,1061,2024-07-26,3,20
1839,1061,2024-08-06,2,10
1840,1061,2024-07-26,4,10
1841,1061,2024-07-26,4,15
1842,1061,2024-07-27,1,18
1843,1061,2024-08-08,3,18
1844,1061,2024-08-11,1,20
1845,1061,2024-08-01,3,18
1846,1061,2024-08-12,1,12
1847,1061,2024-08-09,1,12
1848,1061,2024-08-09,4,20
1849,1061,2024-08-04,4,20
1850,1061,2024-07-26,4,12
1851,1061,2024-08-07,3,15
1852,1061,2024-07-26,3,18
1853,1061,2024-08-02,1,20
1854,1061,2024-08-13,4,12
1855,1061,2024-08-04,1,15
1856,1061,2024-07-27,1,10
1857,1061,2024-07-27,3,10
1858,1061,2024-08-04,1,12
1859,1061,2024-07-31,4,15
1860,1061,2024-08-01,4,18
1861,1061,2024-07-31,2,12
1862,1061,2024-07-29,2,12
1863,1061,2024-07-27,4,15
1864,1061,2024-07-31,2,15
1865,1061,2024-08-09,2,10
1866,1061,2024-08-11,1,12
1867,1062,2024-08-15,2,10
1868,1062,2024-08-24,4,18
1869,1062,2024-08-09,4,20
1870,1062,2024-08-23,4,20
1871,1062,2024-08-15,4,18
1872,1062,2024-08-17,2,12
1873,1062,2024-08-15,1,20
1874,1062,2024-08-13,2,20
1875,1062,2024-08-20,4,20
1876,1062,2024-08-10,3,10
1877,1062,2024-08-27,4,15
1878,1062,2024-08-25,4,10
1879,1062,2024-08-24,3,18
1880,1062,2024-08-12,1,20
1881,1062,2024-08-09,1,12
1882,1062,2024-08-13,1,20
1883,1062,2024-08-10,3,20
1884,1062,2024-08-27,3,20
1885,1062,2024-08-28,4,18
1886,1062,2024-08-12,4,20
1887,1062,2024-08-18,4,15
1888,1062,2024-08-19,3,12
1889,1062,2024-08-27,3,20
1890,1062,2024-08-20,1,18
1891,1062,2024-08-10,2,20
1892,1062,2024-08-27,3,20
1893,1062,2024-08-28,3,18
1894,1062,2024-08-26,2,20
1895,1062,2024-08-26,3,15
1896,1062,2024-08-24,3,15
1897,1062,2024-08-20,1,10
1898,1062,2024-08-09,2,20
1899,1062,2024-08-24,4,15
1900,1062,2024-08-23,3,12
1901,1062,2024-08-13,2,20
1902,1062,2024-08-27,3,10
1903,1062,2024-08-24,2,18
1904,1062,2024-08-15,4,12
1905,1062,2024-08-14,2,12
1906,1062,2024-08-10,3,10
1907,1062,2024-08-20,1,10
1908,1063,2024-07-29,4,18
1909,1063,2024-08-03,4,20
1910,1063,2024-08-05,4,18
1911,1063,2024-07-28,3,12
1912,1063,2024-07-27,4,10
1913,1063,2024-08-03,4,18
1914,1063,2024-08-02,1,10
1915,1063,2024-07-26,3,18
1916,1063,2024-07-24,3,15
1917,1063,2024-08-04,3,10
1918,1063,2024-08-04,4,18
1919,1063,2024-08-05,2,20
1920,1063,2024-08-02,2,15
1921,1063,2024-07-26,1,10
1922,1063,2024-08-10,1,18
1923,1063,2024-08-09,1,18
1924,1063,2024-08-01,2,15
1925,1063,2024-08-04,2,10
1926,1063,2024-08-12,1,10
1927,1063,2024-07-24,2,20
1928,1064,2024-08-19,1,10
1929,1064,2024-08-03,2,18
1930,1064,2024-08-04,2,10
1931,1064,2024-08-17,3,15
1932,1064,2024-08-08,1,18
1933,1064,2024-08-14,4,15
1934,1064,2024-08-14,2,10
1935,1064,2024-08-14,1,18
1936,1064,2024-08-10,3,10
1937,1064,2024-08-14,3,12
1938,1064,2024-08-08,1,18
1939,1064,2024-08-16,4,12
1940,1064,2024-08-07,1,12
1941,1064,2024-08-05,4,12
1942,1064,2024-08-03,1,18
1943,1064,2024-08-14,1,10
1944,1064,2024-08-20,1,20
1945,1064,2024-08-14,4,10
1946,1064,2024-08-07,2,10
1947,1064,2024-08-21,4,15
1948,1064,2024-08-18,3,18
1949,1064,2024-08-04,1,20
1950,1064,2024-08-07,4,18
1951,1064,2024-08-10,1,20
1952,1064,2024-08-15,1,18
1953,1064,2024-08-07,1,20
1954,1064,2024-08-05,3,15
1955,1064,2024-08-13,4,10
1956,1064,2024-08-20,3,20
1957,1064,2024-08-12,1,18
1958,1064,2024-08-13,2,12
1959,1064,2024-08-05,1,18
1960,1064,2024-08-16,3,18
1961,1064,2024-08-19,3,18
1962,1064,2024-08-20,4,12
1963,1064,2024-08-18,1,12
1964,1064,2024-08-22,2,18
1965,1064,2024-08-10,1,20
1966,1064,2024-08-13,4,20
1967,1064,2024-08-08,1,10
1968,1064,2024-08-12,1,15
1969,1064,2024-08-21,4,10
1970,1064,2024-08-16,4,20
1971,1064,2024-08-18,2,10
1972,1064,2024-08-21,2,18
1973,1064,2024-08-22,4,20
1974,1064,2024-08-21,2,12
1975,1064,2024-08-22,2,10
1976,1064,2024-08-13,1,18
1977,1064,2024-08-03,2,20
1978,1065,2024-08-06,1,18
1979,1065,2024-07-21,2,10
1980,1065,2024-08-03,4,15
1981,1065,2024-07-28,3,10
1982,1065,2024-07-22,2,15
1983,1065,2024-08-03,1,20
1984,1065,2024-08-04,3,10
1985,1065,2024-08-06,3,12
1986,1065,2024-07-27,2,15
1987,1065,2024-07-23,2,18
1988,1065,2024-08-02,1,12
1989,1065,2024-08-06,4,12
1990,1065,2024-08-09,4,10
1991,1065,2024-08-09,1,12
1992,1066,2024-07-30,3,18
1993,1066,2024-08-02,2,12
1994,1066,2024-08-13,3,20
1995,1066,2024-08-03,4,12
1996,1066,2024-08-12,1,20
1997,1066,2024-08-12,4,20
1998,1066,2024-08-15,3,15
1999,1066,2024-08-04,1,20
2000,1066,2024-08-10,2,10
2001,1066,2024-08-01,1,20
2002,1066,2024-08-06,2,18
2003,1066,2024-08-11,3,10
2004,1066,2024-08-11,1,12
2005,1066,2024-08-02,4,12
2006,1066,2024-08-12,1,10
2007,1067,2024-08-09,2,18
2008,1067,2024-08-10,3,20
2009,1067,2024-08-04,1,10
2010,1067,2024-08-17,2,12
2011,1067,2024-08-18,4,20
2012,1067,2024-08-15,1,12
2013,1067,2024-08-04,3,18
2014,1067,2024-08-12,3,12
2015,1067,2024-08-15,3,12
2016,1067,2024-08-15,2,18
2017,1067,2024-08-12,4,12
2018,1067,2024-08-16,4,20
2019,1067,2024-08-03,1,18
2020,1067,2024-08-14,2,20
2021,1067,2024-08-04,2,18
2022,1067,2024-08-07,2,18
2023,1067,2024-08-12,3,15
2024,1067,2024-08-12,3,12
2025,1067,2024-08-17,1,15
2026,1067,2024-08-14,1,18
2027,1067,2024-08-04,4,12
2028,1067,2024-08-08,2,15
2029,1067,2024-07-30,2,20
2030,1067,2024-08-13,2,10
2031,1067,2024-08-05,4,12
2032,1067,2024-07-31,4,18
2033,1067,2024-08-10,1,18
2034,1067,2024-08-11,2,15
2035,1067,2024-08-05,2,20
2036,1067,2024-08-14,1,18
2037,1067,2024-08-17,1,18
2038,1067,2024-08-02,1,18
2039,1067,2024-08-02,4,18
2040,1068,2024-07-18,4,12
2041,1068,2024-07-30,1,18
2042,1068,2024-07-26,2,15
2043,1068,2024-07-23,2,10
2044,1068,2024-08-01,4,15
2045,1068,2024-07-27,4,20
2046,1068,2024-07-14,1,18
2047,1068,2024-07-18,2,18
2048,1068,2024-07-27,3,18
2049,1068,2024-08-01,1,18
2050,1068,2024-07-22,1,15
2051,1068,2024-07-19,3,20
2052,1068,2024-07-15,2,10
2053,1068,2024-07-13,3,10
2054,1068,2024-07-16,3,10
2055,1068,2024-07-29,4,15
2056,1069,2024-07-31,1,15
2057,1069,2024-08-08,2,20
2058,1069,2024-08-17,2,12
2059,1069,2024-08-09,2,20
2060,1069,2024-08-16,4,20
2061,1069,2024-08-13,2,15
2062,1069,2024-08-08,3,20
2063,1069,2024-08-06,3,10
2064,1069,2024-08-17,3,15
2065,1069,2024-08-05,4,20
2066,1069,2024-08-03,1,18
2067,1069,2024-08-02,3,18
2068,1069,2024-07-31,3,10
2069,1069,2024-08-13,4,10
2070,1069,2024-08-17,4,12
2071,1069,2024-08-10,1,10
2072,1069,2024-08-14,3,10
2073,1069,2024-08-15,4,12
2074,1069,2024-08-13,1,15
2075,1069,2024-08-06,2,18
2076,1069,2024-08-08,4,18
2077,1069,2024-08-19,3,12
2078,1069,2024-08-17,1,12
2079,1069,2024-08-03,3,18
2080,1069,2024-08-01,3,15
2081,1069,2024-08-04,4,18
2082,1069,2024-08-10,2,15
2083,1069,2024-08-14,3,12
2084,1069,2024-08-04,3,15
2085,1069,2024-08-18,2,15
2086,1069,2024-08-10,4,12
2087,1069,2024-07-31,2,20
2088,1069,2024-08-10,2,12
2089,1069,2024-08-15,2,12
2090,1069,2024-08-16,1,15
2091,1069,2024-08-01,2,18
2092,1069,2024-08-11,3,12
2093,1069,2024-08-13,1,15
2094,1069,2024-08-08,2,15
2095,1070,2024-08-13,2,20
2096,1070,2024-08-21,1,10
2097,1070,2024-08-18,4,12
2098,1070,2024-08-16,3,12
2099,1070,2024-08-30,3,15
2100,1070,2024-08-15,3,20
2101,1070,2024-08-26,4,15
2102,1070,2024-08-27,4,10
2103,1070,2024-08-26,1,15
2104,1070,2024-08-30,4,20
2105,1070,2024-08-23,4,15
2106,1070,2024-08-28,3,10
2107,1070,2024-08-11,2,20
2108,1070,2024-08-14,2,15
2109,1070,2024-08-24,1,10
2110,1070,2024-08-13,4,10
2111,1070,2024-08-14,4,12
2112,1070,2024-08-15,3,20
2113,1070,2024-08-11,1,15
2114,1070,2024-08-18,2,18
2115,1070,2024-08-19,4,15
2116,1070,2024-08-30,3,15
2117,1070,2024-08-19,3,18
2118,1070,2024-08-13,1,12
2119,1070,2024-08-16,4,18
2120,1070,2024-08-21,2,18
2121,1070,2024-08-17,2,20
2122,1070,2024-08-11,1,12
2123,1070,2024-08-24,3,18
2124,1070,2024-08-14,3,10
2125,1070,2024-08-12,4,10
2126,1070,2024-08-30,4,15
2127,1070,2024-08-17,2,20
2128,1070,2024-08-16,2,12
2129,1070,2024-08-25,4,15
2130,1070,2024-08-13,4,10
2131,1070,2024-08-21,3,18
2132,1070,2024-08-13,4,12
2133,1071,2024-08-01,2,15
2134,1071,2024-07-23,4,10
2135,1071,2024-07-23,4,12
2136,1071,2024-07-17,2,10
2137,1071,2024-07-29,3,18
2138,1071,2024-07-30,3,20
2139,1071,2024-07-17,4,15
2140,1071,2024-07-17,1,15
2141,1071,2024-07-16,1,15
2142,1071,2024-07-27,1,12
2143,1071,2024-07-22,4,12
2144,1072,2024-08-13,1,15
2145,1072,2024-08-07,4,15
2146,1072,2024-08-17,3,15
2147,1072,2024-08-02,1,20
2148,1072,2024-08-12,2,10
2149,1072,2024-07-30,2,20
2150,1072,2024-08-08,3,15
2151,1072,2024-08-10,3,10
2152,1072,2024-08-01,3,12
2153,1072,2024-08-18,2,20
2154,1072,2024-08-09,3,18
2155,1072,2024-08-05,3,12
2156,1072,2024-08-15,2,12
2157,1072,2024-08-02,2,12
2158,1072,2024-08-01,1,18
2159,1072,2024-08-04,1,10
2160,1072,2024-08-14,1,18
2161,1072,2024-08-07,3,15
2162,1072,2024-08-14,4,20
2163,1072,2024-08-02,3,12
2164,1072,2024-08-09,1,10
2165,1072,2024-08-11,2,12
2166,1072,2024-08-11,3,12
2167,1072,2024-08-12,2,10
2168,1072,2024-08-05,1,10
2169,1072,2024-08-18,4,18
2170,1072,2024-08-17,2,10
2171,1072,2024-08-17,1,18
2172,1072,2024-08-15,3,10
2173,1072,2024-08-16,3,10
2174,1072,2024-08-15,1,20
2175,1072,2024-08-12,2,12
2176,1073,2024-08-06,1,12
2177,1073,2024-07-29,3,15
2178,1073,2024-08-01,2,20
2179,1073,2024-07-19,1,10
2180,1073,2024-07-19,1,20
2181,1073,2024-07-31,2,15
2182,1073,2024-08-01,1,10
2183,1073,2024-07-31,4,15
2184,1073,2024-07-19,2,18
2185,1073,2024-08-03,2,15
2186,1073,2024-07-25,4,12
2187,1073,2024-07-21,2,18
2188,1073,2024-08-03,3,10
2189,1073,2024-07-23,1,20
2190,1073,2024-08-02,4,15
2191,1073,2024-07-28,1,10
2192,1073,2024-07-27,4,10
2193,1073,2024-07-25,3,18
2194,1073,2024-07-18,3,18
2195,1073,2024-07-30,4,15
2196,1073,2024-07-24,2,10
2197,1073,2024-07-22,3,12
2198,1073,2024-08-06,4,10
2199,1073,2024-07-25,4,20
2200,1073,2024-08-04,1,12
2201,1073,2024-07-25,4,20
2202,1073,2024-08-03,2,10
2203,1073,2024-07-26,2,15
2204,1073,2024-07-31,4,10
2205,1073,2024-07-30,4,18
2206,1073,2024-07-29,3,18
2207,1073,2024-07-26,4,20
2208,1074,2024-07-20,3,12
2209,1074,2024-07-21,1,10
2210,1074,2024-07-27,4,18
2211,1074,2024-07-28,2,10
2212,1074,2024-08-01,1,10
2213,1074,2024-07-20,1,12
2214,1074,2024-07-23,3,12
2215,1074,2024-07-26,1,10
2216,1074,2024-07-19,4,18
2217,1074,2024-07-29,3,18
2218,1074,2024-07-20,3,20
2219,1074,2024-07-25,1,10
2220,1074,2024-07-22,1,18
2221,1074,2024-07-21,3,18
2222,1074,2024-07-21,4,10
2223,1074,2024-08-03,2,20
2224,1074,2024-07-26,2,18
2225,1074,2024-07-22,2,15
2226,1074,2024-07-23,4,10
2227,1074,2024-07-17,4,20
2228,1074,2024-07-18,4,18
2229,1074,2024-07-18,2,20
2230,1074,2024-08-03,4,15
2231,1074,2024-07-20,4,20
2232,1074,2024-07-24,3,15
2233,1074,2024-08-03,1,20
2234,1074,2024-08-03,2,15
2235,1074,2024-07-24,1,15
2236,1074,2024-07-23,1,18
2237,1074,2024-07-24,3,18
2238,1074,2024-07-24,1,12
2239,1074,2024-07-28,2,15
2240,1074,2024-07-17,1,10
2241,1074,2024-07-26,1,15
2242,1074,2024-07-30,1,20
2243,1075,2024-08-28,4,18
2244,1075,2024-08-11,4,15
2245,1075,2024-08-29,4,20
2246,1075,2024-08-29,3,18
2247,1075,2024-08-11,4,15
2248,1075,2024-08-11,1,18
2249,1075,2024-08-26,2,15
2250,1075,2024-08-14,3,12
2251,1075,2024-08-10,3,15
2252,1075,2024-08-16,2,18
2253,1075,2024-08-27,2,15
2254,1075,2024-08-21,1,15
2255,1075,2024-08-11,4,12
2256,1075,2024-08-10,1,20
2257,1075,2024-08-26,3,15
2258,1075,2024-08-27,4,18
2259,1075,2024-08-23,3,10
2260,1075,2024-08-20,3,18
2261,1075,2024-08-12,3,12
2262,1075,2024-08-16,4,15
2263,1075,2024-08-10,4,20
2264,1075,2024-08-24,1,20
2265,1075,2024-08-24,4,12
2266,1075,2024-08-15,3,20
2267,1075,2024-08-10,4,20
2268,1075,2024-08-28,2,15
2269,1075,2024-08-15,2,12
2270,1075,2024-08-25,3,18
2271,1075,2024-08-16,3,10
2272,1075,2024-08-23,4,15
2273,1076,2024-08-13,3,20
2274,1076,2024-08-11,4,12
2275,1076,2024-08-15,2,12
2276,1076,2024-08-18,2,15
2277,1076,2024-08-04,4,20
2278,1076,2024-08-05,4,10
2279,1076,2024-08-12,2,15
2280,1076,2024-08-14,1,15
2281,1076,2024-08-10,2,10
2282,1076,2024-08-03,1,10
2283,1076,2024-08-16,3,20
2284,1076,2024-08-09,1,18
2285,1076,2024-08-07,1,18
2286,1076,2024-08-14,2,10
2287,1076,2024-07-31,1,20
2288,1076,2024-07-31,3,18
2289,1076,2024-08-16,2,20
2290,1076,2024-08-15,3,15
2291,1076,2024-07-31,4,12
2292,1076,2024-08-05,2,12
2293,1076,2024-08-15,2,12
2294,1076,2024-08-10,4,18
2295,1076,2024-08-10,1,18
2296,1076,2024-08-01,3,10
2297,1076,2024-08-08,4,18
2298,1076,2024-08-11,3,12
2299,1076,2024-08-07,4,15
2300,1076,2024-08-09,1,20
2301,1077,2024-08-15,2,15
2302,1077,2024-07-30,4,15
2303,1077,2024-08-05,1,20
2304,1077,2024-08-09,4,18
2305,1077,2024-08-16,4,15
2306,1077,2024-08-07,1,12
2307,1077,2024-08-07,2,12
2308,1077,2024-08-02,3,18
2309,1077,2024-08-15,3,10
2310,1077,2024-08-01,4,18
2311,1077,2024-08-06,4,10
2312,1077,2024-08-11,3,20
2313,1078,2024-08-17,4,20
2314,1078,2024-08-11,3,18
2315,1078,2024-08-28,1,12
2316,1078,2024-08-14,2,10
2317,1078,2024-08-16,2,15
2318,1078,2024-08-18,1,10
2319,1078,2024-08-23,2,20
2320,1078,2024-08-24,4,15
2321,1078,2024-08-14,4,12
2322,1078,2024-08-20,2,20
2323,1078,2024-08-18,3,12
2324,1078,2024-08-26,4,15
2325,1078,2024-08-23,4,18
2326,1078,2024-08-10,2,10
2327,1079,2024-07-28,2,10
2328,1079,2024-07-31,2,15
2329,1079,2024-08-09,1,18
2330,1079,2024-07-26,4,20
2331,1079,2024-08-06,2,10
2332,1079,2024-08-03,2,20
2333,1079,2024-08-11,1,20
2334,1079,2024-08-01,4,18
2335,1079,2024-08-11,2,12
2336,1079,2024-08-08,3,15
2337,1079,2024-07-30,4,12
2338,1080,2024-08-10,2,15
2339,1080,2024-08-10,4,12
2340,1080,2024-08-03,2,10
2341,1080,2024-08-07,3,12
2342,1080,2024-07-28,4,12
2343,1080,2024-08-05,4,10
2344,1080,2024-08-16,4,12
2345,1080,2024-08-06,4,12
2346,1080,2024-08-04,4,20
2347,1080,2024-08-08,1,10
2348,1080,2024-07-30,1,10
2349,1080,2024-08-06,2,18
2350,1080,2024-08-05,1,10
2351,1080,2024-08-08,4,15
2352,1080,2024-08-04,3,12
2353,1080,2024-07-30,1,20
2354,1080,2024-08-11,3,12
2355,1080,2024-07-31,4,15
2356,1080,2024-08-02,2,10
2357,1080,2024-08-06,4,12
2358,1080,2024-08-08,1,15
2359,1080,2024-08-15,2,18
2360,1080,2024-08-08,3,18
2361,1080,2024-08-07,3,20
2362,1080,2024-08-08,3,18
2363,1080,2024-08-11,3,18
2364,1080,2024-08-12,4,10
2365,1080,2024-08-10,2,10
2366,1080,2024-08-09,2,10
2367,1080,2024-08-01,3,12
2368,1080,2024-08-02,4,10
2369,1080,2024-08-01,1,18
2370,1080,2024-08-05,4,18
2371,1080,2024-08-01,1,12
2372,1080,2024-08-13,3,10
2373,1080,2024-08-10,3,12
2374,1080,2024-08-11,3,20
2375,1081,2024-07-28,1,20
2376,1081,2024-07-16,2,18
2377,1081,2024-08-01,2,18
2378,1081,2024-07-31,3,10
2379,1081,2024-07-25,1,18
2380,1081,2024-07-23,1,15
2381,1081,2024-07-30,1,10
2382,1081,2024-07-20,4,18
2383,1081,2024-07-26,1,15
2384,1081,2024-08-02,4,15
2385,1081,2024-07-16,2,12
2386,1081,2024-08-02,3,15
2387,1081,2024-08-02,1,20
2388,1081,2024-07-15,4,10
2389,1081,2024-07-22,3,12
2390,1081,2024-07-27,4,10
2391,1081,2024-08-03,2,12
2392,1081,2024-07-22,4,15
2393,1081,2024-07-30,1,15
2394,1081,2024-07-19,4,15
2395,1081,2024-07-15,2,15
2396,1081,2024-07-31,3,20
2397,1081,2024-07-28,4,18
2398,1081,2024-07-22,4,15
2399,1081,2024-07-16,4,10
2400,1081,2024-07-21,3,20
2401,1081,2024-07-29,4,18
2402,1081,2024-08-01,1,20
2403,1081,2024-07-24,4,12
2404,1081,2024-07-30,4,20
2405,1081,2024-07-18,1,15
2406,1081,2024-07-20,4,10
2407,1081,2024-07-19,3,12
2408,1081,2024-07-30,3,12
2409,1081,2024-07-18,4,15
2410,1081,2024-07-16,1,20
2411,1081,2024-08-01,1,20
2412,1081,2024-07-31,4,18
2413,1081,2024-07-31,4,20
2414,1081,2024-07-26,3,15
2415,1081,2024-07-16,1,20
2416,1081,2024-08-03,1,18
2417,1081,2024-07-29,2,18
2418,1081,2024-08-02,1,18
2419,1081,2024-07-25,3,20
2420,1081,2024-07-20,4,20
2421,1081,2024-07-26,3,12
2422,1082,2024-08-18,1,20
2423,1082,2024-08-15,1,18
2424,1082,2024-08-06,1,10
2425,1082,2024-08-11,1,10
2426,1082,2024-08-18,4,18
2427,1082,2024-08-11,4,15
2428,1082,2024-08-04,3,18
2429,1082,2024-08-14,1,12
2430,1082,2024-08-19,1,12
2431,1082,2024-08-20,1,12
2432,1082,2024-08-23,2,18
2433,1082,2024-08-19,2,18
2434,1082,2024-08-06,2,10
2435,1082,2024-08-14,4,12
2436,1082,2024-08-08,4,10
2437,1082,2024-08-20,2,12
2438,1082,2024-08-09,4,18
2439,1082,2024-08-23,4,20
2440,1082,2024-08-16,2,15
2441,1082,2024-08-05,4,10
2442,1082,2024-08-13,1,10
2443,1082,2024-08-10,4,18
2444,1082,2024-08-05,3,10
2445,1083,2024-08-07,4,20
2446,1083,2024-08-01,4,12
2447,1083,2024-08-18,1,18
2448,1083,2024-08-01,3,20
2449,1083,2024-08-17,3,18
2450,1083,2024-08-04,1,18
2451,1083,2024-07-31,3,18
2452,1083,2024-08-06,1,12
2453,1083,2024-08-10,2,18
2454,1083,2024-08-08,4,12
2455,1083,2024-08-03,2,20
2456,1083,2024-08-09,4,12
2457,1083,2024-08-10,4,18
2458,1083,2024-08-08,4,12
2459,1083,2024-07-31,2,15
2460,1083,2024-08-17,4,12
2461,1083,2024-08-14,2,12
2462,1083,2024-07-31,4,10
2463,1083,2024-08-06,4,15
2464,1083,2024-08-12,2,20
2465,1083,2024-08-18,1,15
2466,1083,2024-08-11,3,12
2467,1083,2024-08-14,1,10
2468,1083,2024-08-09,4,10
2469,1083,2024-07-31,2,10
2470,1083,2024-08-02,2,18
2471,1083,2024-08-11,3,15
2472,1083,2024-08-18,3,12
2473,1083,2024-08-03,1,10
2474,1083,2024-08-05,4,10
2475,1083,2024-08-16,1,20
2476,1083,2024-08-18,1,12
2477,1083,2024-08-16,2,15
2478,1083,2024-08-14,3,18
2479,1083,2024-08-03,4,10
2480,1083,2024-08-15,3,15
2481,1083,2024-08-15,1,12
2482,1083,2024-08-05,4,10
2483,1083,2024-08-12,4,15
2484,1083,2024-08-10,2,10
2485,1083,2024-08-11,3,18
2486,1084,2024-08-13,2,20
2487,1084,2024-08-07,2,12
2488,1084,2024-08-07,4,18
2489,1084,2024-08-06,3,10
2490,1084,2024-08-06,2,10
2491,1084,2024-08-04,1,10
2492,1084,2024-08-10,3,18
2493,1084,2024-08-15,4,10
2494,1084,2024-08-08,1,12
2495,1084,2024-08-02,1,20
2496,1084,2024-08-11,4,18
2497,1084,2024-08-03,3,15
2498,1084,2024-08-09,1,15
2499,1084,2024-08-04,2,18
2500,1084,2024-08-06,2,20
2501,1084,2024-08-01,4,15
2502,1084,2024-08-08,2,15
2503,1084,2024-08-18,1,20
2504,1084,2024-08-10,4,12
2505,1084,2024-08-04,3,12
2506,1084,2024-08-18,3,20
2507,1084,2024-08-10,2,10
2508,1084,2024-08-20,3,12
2509,1084,2024-08-11,4,20
2510,1084,2024-08-17,1,15
2511,1084,2024-08-12,3,10
2512,1084,2024-08-19,1,18
2513,1084,2024-08-11,1,18
2514,1084,2024-08-10,2,20
2515,1084,2024-08-02,2,15
2516,1084,2024-08-11,3,20
2517,1084,2024-08-16,4,20
2518,1084,2024-08-13,1,15
2519,1085,2024-08-10,2,15
2520,1085,2024-08-14,1,12
2521,1085,2024-08-15,4,10
2522,1085,2024-08-26,1,18
2523,1085,2024-08-24,4,12
2524,1085,2024-08-14,1,15
2525,1085,2024-08-12,4,20
2526,1085,2024-08-11,4,15
2527,1085,2024-08-10,4,18
2528,1085,2024-08-14,4,18
2529,1085,2024-08-23,2,20
2530,1085,2024-08-24,4,18
2531,1085,2024-08-24,1,12
2532,1085,2024-08-14,4,10
2533,1085,2024-08-23,3,10
2534,1085,2024-08-09,4,10
2535,1085,2024-08-25,3,20
2536,1085,2024-08-19,1,20
2537,1085,2024-08-24,1,15
2538,1085,2024-08-19,3,15
2539,1085,2024-08-19,4,10
2540,1085,2024-08-24,2,20
2541,1085,2024-08-15,1,15
2542,1085,2024-08-19,2,12
2543,1085,2024-08-13,1,10
2544,1085,2024-08-11,3,10
2545,1085,2024-08-27,4,18
2546,1085,2024-08-10,3,20
2547,1085,2024-08-14,3,18
2548,1085,2024-08-13,2,12
2549,1085,2024-08-12,4,18
2550,1085,2024-08-14,2,15
2551,1085,2024-08-26,4,18
2552,1085,2024-08-21,4,15
2553,1085,2024-08-11,1,18
2554,1085,2024-08-20,1,12
2555,1085,2024-08-28,3,20
2556,1085,2024-08-25,1,12
2557,1085,2024-08-09,1,20
2558,1085,2024-08-12,2,18
2559,1085,2024-08-12,1,10
2560,1085,2024-08-11,2,10
2561,1085,2024-08-20,2,12
2562,1086,2024-08-12,1,20
2563,1086,2024-08-07,3,18
2564,1086,2024-08-08,1,18
2565,1086,2024-08-26,3,18
2566,1086,2024-08-21,4,10
2567,1086,2024-08-10,3,18
2568,1086,2024-08-18,1,10
2569,1086,2024-08-23,2,15
2570,1086,2024-08-22,2,15
2571,1086,2024-08-24,2,15
2572,1086,2024-08-13,2,10
2573,1086,2024-08-07,3,12
2574,1086,2024-08-26,1,15
2575,1086,2024-08-14,1,15
2576,1086,2024-08-22,4,15
2577,1086,2024-08-18,4,10
2578,1086,2024-08-25,2,12
2579,1086,2024-08-07,2,18
2580,1086,2024-08-10,4,10
2581,1086,2024-08-18,1,15
2582,1086,2024-08-12,4,10
2583,1086,2024-08-11,1,18
2584,1086,2024-08-19,1,15
2585,1086,2024-08-09,1,12
2586,1086,2024-08-09,2,15
2587,1086,2024-08-08,4,18
2588,1086,2024-08-24,2,12
2589,1086,2024-08-15,2,12
2590,1086,2024-08-09,4,20
2591,1086,2024-08-12,1,10
2592,1086,2024-08-12,3,12
2593,1086,2024-08-26,1,18
2594,1086,2024-08-18,3,18
2595,1086,2024-08-15,2,20
2596,1086,2024-08-10,3,10
2597,1086,2024-08-21,1,15
2598,1086,2024-08-24,4,10
2599,1086,2024-08-22,3,18
2600,1086,2024-08-20,3,15
2601,1086,2024-08-18,4,15
2602,1086,2024-08-19,3,15
2603,1086,2024-08-20,4,20
2604,1086,2024-08-16,1,12
2605,1086,2024-08-26,4,10
2606,1086,2024-08-26,2,18
2607,1086,2024-08-09,4,18
2608,1086,2024-08-09,1,10
2609,1087,2024-08-24,4,10
2610,1087,2024-08-13,4,20
2611,1087,2024-08-13,4,12
2612,1087,2024-08-24,1,18
2613,1087,2024-08-13,2,18
2614,1087,2024-08-24,2,10
2615,1087,2024-08-16,3,12
2616,1087,2024-08-22,3,12
2617,1087,2024-08-17,4,15
2618,1087,2024-08-23,3,18
2619,1087,2024-08-05,2,10
2620,1087,2024-08-18,4,10
2621,1087,2024-08-16,4,12
2622,1087,2024-08-07,2,20
2623,1087,2024-08-05,2,10
2624,1087,2024-08-06,2,10
2625,1087,2024-08-20,3,20
2626,1087,2024-08-17,3,12
2627,1087,2024-08-24,3,20
2628,1087,2024-08-10,1,18
2629,1087,2024-08-23,3,18
2630,1087,2024-08-11,3,10
2631,1087,2024-08-08,4,18
2632,1087,2024-08-13,1,12
2633,1087,2024-08-23,3,18
2634,1087,2024-08-07,4,15
2635,1087,2024-08-24,4,12
2636,1087,2024-08-14,1,20
2637,1087,2024-08-24,2,18
2638,1087,2024-08-22,2,12
2639,1087,2024-08-19,3,15
2640,1087,2024-08-22,1,10
2641,1087,2024-08-09,4,10
2642,1087,2024-08-06,3,15
2643,1087,2024-08-17,1,18
2644,1087,2024-08-17,3,10
2645,1087,2024-08-14,2,10
2646,1087,2024-08-05,4,10
2647,1087,2024-08-10,1,10
2648,1087,2024-08-23,1,18
2649,1087,2024-08-14,1,12
2650,1087,2024-08-23,4,10
2651,1087,2024-08-15,4,10
2652,1087,2024-08-21,1,20
2653,1088,2024-08-05,4,18
2654,1088,2024-08-11,4,12
2655,1088,2024-07-26,1,18
2656,1088,2024-08-02,4,18
2657,1088,2024-07-26,1,15
2658,1088,2024-08-14,4,20
2659,1088,2024-08-04,2,10
2660,1088,2024-08-11,1,20
2661,1088,2024-08-12,2,20
2662,1088,2024-08-10,3,15
2663,1088,2024-08-01,4,20
2664,1088,2024-07-31,2,12
2665,1088,2024-08-10,1,10
2666,1089,2024-07-25,4,20
2667,1089,2024-07-23,3,20
2668,1089,2024-07-17,2,12
2669,1089,2024-07-19,3,20
2670,1089,2024-07-24,3,15
2671,1089,2024-08-03,2,10
2672,1089,2024-07-27,1,18
2673,1089,2024-07-23,2,12
2674,1089,2024-07-28,1,15
2675,1089,2024-07-28,4,18
2676,1089,2024-07-15,3,20
2677,1089,2024-07-16,3,20
2678,1089,2024-07-25,4,15
2679,1089,2024-07-29,1,18
2680,1089,2024-08-02,4,12
2681,1089,2024-08-03,2,12
2682,1089,2024-07-20,2,12
2683,1089,2024-07-19,3,18
2684,1090,2024-08-14,2,10
2685,1090,2024-08-15,1,10
2686,1090,2024-08-15,1,20
2687,1090,2024-08-23,2,15
2688,1090,2024-08-12,2,20
2689,1090,2024-08-15,1,10
2690,1090,2024-08-20,2,15
2691,1090,2024-08-21,2,15
2692,1090,2024-08-21,3,20
2693,1090,2024-08-19,2,12
2694,1090,2024-08-26,2,15
2695,1090,2024-08-23,1,12
2696,1090,2024-08-14,1,15
2697,1090,2024-08-20,3,18
2698,1090,2024-08-19,3,15
2699,1090,2024-08-21,4,10
2700,1090,2024-08-23,2,12
2701,1090,2024-08-20,2,20
2702,1090,2024-08-14,3,15
2703,1090,2024-08-07,4,12
2704,1090,2024-08-25,2,20
2705,1090,2024-08-17,2,15
2706,1090,2024-08-19,1,15
2707,1091,2024-07-28,4,12
2708,1091,2024-08-11,4,20
2709,1091,2024-08-11,2,20
2710,1091,2024-08-01,3,18
2711,1091,2024-07-28,4,12
2712,1091,2024-08-03,3,20
2713,1091,2024-07-29,4,18
2714,1091,2024-08-05,4,20
2715,1091,2024-08-12,2,12
2716,1091,2024-08-07,4,12
2717,1091,2024-08-01,2,15
2718,1091,2024-07-31,4,20
2719,1091,2024-08-08,3,15
2720,1091,2024-07-27,1,12
2721,1091,2024-08-11,3,18
2722,1091,2024-07-28,3,12
2723,1091,2024-07-26,1,18
2724,1091,2024-07-28,3,18
2725,1092,2024-08-14,4,18
2726,1092,2024-08-17,4,15
2727,1092,2024-08-20,4,10
2728,1092,2024-08-23,4,12
2729,1092,2024-08-20,1,15
2730,1092,2024-08-26,3,20
2731,1092,2024-08-12,1,15
2732,1092,2024-08-21,1,10
2733,1092,2024-08-26,3,10
2734,1092,2024-08-11,2,15
2735,1092,2024-08-22,3,15
2736,1092,2024-08-19,3,12
2737,1092,2024-08-09,2,20
2738,1092,2024-08-20,1,15
2739,1092,2024-08-19,3,18
2740,1092,2024-08-16,1,18
2741,1092,2024-08-12,2,18
2742,1092,2024-08-21,2,12
2743,1092,2024-08-13,2,20
2744,1092,2024-08-10,4,18
2745,1092,2024-08-18,1,15
2746,1092,2024-08-22,4,18
2747,1092,2024-08-22,4,18
2748,1092,2024-08-11,1,15
2749,1092,2024-08-24,2,15
2750,1092,2024-08-28,4,15
2751,1092,2024-08-18,2,18
2752,1092,2024-08-15,4,20
2753,1092,2024-08-19,3,20
2754,1092,2024-08-28,1,12
2755,1092,2024-08-24,3,20
2756,1092,2024-08-09,4,18
2757,1092,2024-08-22,4,10
2758,1092,2024-08-11,4,12
2759,1092,2024-08-13,1,15
2760,1092,2024-08-10,4,15
2761,1092,2024-08-26,2,10
2762,1092,2024-08-11,2,10
2763,1093,2024-07-23,1,12
2764,1093,2024-08-01,1,18
2765,1093,2024-07-29,2,12
2766,1093,2024-07-29,1,18
2767,1093,2024-08-06,3,20
2768,1093,2024-08-07,2,15
2769,1093,2024-07-25,4,12
2770,1093,2024-08-04,2,20
2771,1093,2024-07-25,4,10
2772,1093,2024-07-26,2,12
2773,1093,2024-08-01,3,18
2774,1093,2024-07-23,2,20
2775,1093,2024-07-20,3,20
2776,1093,2024-08-01,4,15
2777,1093,2024-08-01,1,12
2778,1093,2024-07-24,1,18
2779,1093,2024-07-19,2,20
2780,1093,2024-07-28,4,18
2781,1093,2024-07-24,1,10
2782,1093,2024-07-29,4,15
2783,1093,2024-07-29,4,20
2784,1093,2024-08-02,4,12
2785,1093,2024-08-02,4,18
2786,1093,2024-07-26,2,20
2787,1093,2024-08-04,4,10
2788,1093,2024-07-31,2,15
2789,1093,2024-07-21,3,10
2790,1093,2024-08-01,4,18
2791,1093,2024-07-21,1,15
2792,1093,2024-08-05,1,20
2793,1093,2024-07-28,4,18
2794,1093,2024-08-02,3,12
2795,1093,2024-07-22,1,18
2796,1093,2024-08-07,1,18
2797,1093,2024-07-26,3,18
2798,1093,2024-08-01,4,10
2799,1093,2024-08-07,3,10
2800,1093,2024-08-03,3,18
2801,1093,2024-07-23,4,10
2802,1093,2024-08-05,2,18
2803,1093,2024-08-03,4,15
2804,1093,2024-08-02,2,10
2805,1093,2024-07-19,1,12
2806,1093,2024-07-29,1,20
2807,1093,2024-07-26,2,10
2808,1093,2024-08-07,3,12
2809,1093,2024-07-24,3,12
2810,1093,2024-08-01,1,20
2811,1094,2024-08-05,1,20
2812,1094,2024-08-16,4,15
2813,1094,2024-08-05,1,20
2814,1094,2024-08-19,1,18
2815,1094,2024-08-13,2,15
2816,1094,2024-08-12,2,10
2817,1094,2024-08-19,4,10
2818,1094,2024-08-19,3,12
2819,1094,2024-08-17,2,10
2820,1094,2024-08-14,2,10
2821,1094,2024-08-06,1,15
2822,1094,2024-08-09,2,20
2823,1094,2024-08-13,4,18
2824,1094,2024-08-16,2,12
2825,1094,2024-08-16,3,15
2826,1094,2024-08-14,1,18
2827,1094,2024-08-09,1,18
2828,1094,2024-08-13,4,12
2829,1094,2024-08-17,3,20
2830,1094,2024-08-08,1,10
2831,1094,2024-08-13,4,15
2832,1094,2024-07-31,4,10
2833,1094,2024-08-02,2,15
2834,1095,2024-08-09,3,18
2835,1095,2024-08-24,3,12
2836,1095,2024-08-18,4,10
2837,1095,2024-08-18,1,20
2838,1095,2024-08-10,4,18
2839,1095,2024-08-12,2,20
2840,1095,2024-08-10,1,12
2841,1095,2024-08-28,1,15
2842,1095,2024-08-21,4,12
2843,1095,2024-08-09,1,10
2844,1095,2024-08-24,3,18
2845,1095,2024-08-19,2,12
2846,1095,2024-08-16,2,10
2847,1095,2024-08-21,4,15
2848,1095,2024-08-24,3,15
2849,1095,2024-08-27,4,15
2850,1096,2024-08-22,3,15
2851,1096,2024-08-22,2,20
2852,1096,2024-08-28,2,12
2853,1096,2024-08-10,4,20
2854,1096,2024-08-19,2,18
2855,1096,2024-08-29,1,18
2856,1096,2024-08-27,2,10
2857,1096,2024-08-25,2,12
2858,1096,2024-08-27,2,20
2859,1096,2024-08-12,2,12
2860,1096,2024-08-13,1,18
2861,1097,2024-08-16,2,12
2862,1097,2024-08-18,4,12
2863,1097,2024-08-06,2,15
2864,1097,2024-08-16,4,12
2865,1097,2024-08-17,4,10
2866,1097,2024-08-14,4,18
2867,1097,2024-08-20,4,18
2868,1097,2024-08-12,4,12
2869,1097,2024-08-10,1,18
2870,1097,2024-08-12,1,15
2871,1097,2024-08-06,2,20
2872,1097,2024-08-20,3,18
2873,1097,2024-08-11,3,18
2874,1097,2024-08-16,4,20
2875,1097,2024-08-06,4,10
2876,1097,2024-08-15,2,18
2877,1097,2024-08-19,2,12
2878,1097,2024-08-25,1,20
2879,1097,2024-08-14,4,18
2880,1097,2024-08-12,4,15
2881,1097,2024-08-13,4,15
2882,1097,2024-08-07,1,18
2883,1097,2024-08-24,1,18
2884,1097,2024-08-07,2,12
2885,1097,2024-08-12,3,15
2886,1097,2024-08-09,4,15
2887,1097,2024-08-24,4,18
2888,1097,2024-08-18,2,18
2889,1097,2024-08-24,3,10
2890,1097,2024-08-21,3,20
2891,1097,2024-08-11,2,15
2892,1097,2024-08-18,2,10
2893,1097,2024-08-22,1,18
2894,1097,2024-08-13,1,20
2895,1097,2024-08-19,4,12
2896,1097,2024-08-12,3,15
2897,1097,2024-08-09,4,20
2898,1097,2024-08-16,4,10
2899,1097,2024-08-22,3,12
2900,1098,2024-07-28,4,15
2901,1098,2024-08-03,2,18
2902,1098,2024-08-03,1,10
2903,1098,2024-07-21,4,15
2904,1098,2024-07-21,2,12
2905,1098,2024-07-23,2,12
2906,1098,2024-07-28,4,12
2907,1098,2024-07-18,1,18
2908,1098,2024-07-16,2,12
2909,1098,2024-07-28,1,12
2910,1098,2024-07-28,3,18
2911,1098,2024-07-20,1,12
2912,1098,2024-08-01,3,10
2913,1098,2024-07-22,1,15
2914,1098,2024-08-01,3,10
2915,1098,2024-07-16,2,18
2916,1098,2024-07-19,1,10
2917,1098,2024-08-02,3,10
2918,1098,2024-07-16,1,10
2919,1098,2024-07-28,1,18
2920,1098,2024-07-15,3,18
2921,1098,2024-07-19,3,20
2922,1098,2024-07-21,3,15
2923,1098,2024-07-24,3,12
2924,1098,2024-07-23,4,18
2925,1098,2024-07-15,1,15
2926,1098,2024-07-24,1,10
2927,1099,2024-07-25,2,10
2928,1099,2024-07-18,1,20
2929,1099,2024-07-29,2,15
2930,1099,2024-07-23,4,20
2931,1099,2024-07-24,2,10
2932,1099,2024-07-27,1,15
2933,1099,2024-08-05,3,18
2934,1099,2024-07-30,4,18
2935,1099,2024-07-18,1,15
2936,1099,2024-07-24,4,10
2937,1099,2024-07-25,3,20
2938,1099,2024-07-31,2,20
2939,1099,2024-07-19,1,12
2940,1099,2024-07-22,1,15
2941,1099,2024-07-20,4,12
2942,1099,2024-07-23,1,18
2943,1099,2024-07-20,2,12
2944,1099,2024-07-31,2,10
2945,1099,2024-08-03,4,10
2946,1099,2024-08-01,3,18
2947,1099,2024-07-29,2,15
2948,1099,2024-07-22,1,12
2949,1099,2024-07-20,4,10
2950,1099,2024-07-27,2,20
2951,1099,2024-07-18,1,15
2952,1099,2024-07-25,4,20
2953,1099,2024-07-24,2,12
2954,1099,2024-07-29,1,15
2955,1099,2024-08-04,1,10
2956,1099,2024-07-27,2,10
2957,1099,2024-07-19,3,12
2958,1099,2024-07-27,4,20
2959,1099,2024-08-06,3,10
2960,1099,2024-07-19,2,18
2961,1099,2024-07-24,3,15
2962,1099,2024-08-02,2,10
2963,1099,2024-07-25,1,20
2964,1099,2024-07-23,3,12
2965,1099,2024-07-28,2,18
2966,1100,2024-08-03,3,12
2967,1100,2024-08-06,3,15
2968,1100,2024-07-22,1,15
2969,1100,2024-07-20,4,12
2970,1100,2024-07-23,3,18
2971,1100,2024-08-06,3,12
2972,1100,2024-08-01,2,10
2973,1100,2024-08-02,4,18
2974,1100,2024-07-29,2,10
2975,1100,2024-07-21,4,15
2976,1100,2024-07-25,4,15
2977,1100,2024-07-26,4,10
2978,1100,2024-07-22,3,15
2979,1100,2024-08-01,4,10
2980,1100,2024-08-03,3,20
2981,1100,2024-08-06,3,18
2982,1100,2024-08-02,2,18
2983,1100,2024-07-23,3,12
2984,1100,2024-08-01,2,12
2985,1100,2024-08-07,3,20
2986,1100,2024-08-04,2,18
2987,1100,2024-07-25,2,10
2988,1100,2024-08-04,3,18
2989,1100,2024-08-02,1,10
2990,1100,2024-07-22,3,20
2991,1100,2024-07-25,2,18
2992,1100,2024-07-31,1,10
2993,1100,2024-07-31,4,18
2994,1100,2024-07-29,2,18
2995,1100,2024-08-05,4,18
2996,1100,2024-07-30,4,15
2997,1100,2024-08-07,1,10
2998,1100,2024-08-05,1,18
2999,1100,2024-07-22,2,10
3000,1100,2024-07-20,4,15
3001,1100,2024-08-04,2,18
3002,1100,2024-07-23,4,15
3003,1100,2024-07-20,2,10
3004,1100,2024-07-28,1,20
